INSERT INTO ADDRESSE (ID_ADDRESS, ID_PERSON_CLIENT, ADDRESS) VALUES
(1, 1, 'Calle Principal 123'),
(2, 2, 'Avenida Central 456'),
(3, 3, 'Plaza Mayor 789');

INSERT INTO ADMINISTRATOR (ID_ADMINISTRATOR, ADMIN) VALUES
(1, 101),
(2, 102),
(3, 103);


INSERT INTO CATEGORY (ID_CATEGORY, NAME) VALUES
(1, 'Electrónicos'),
(2, 'Ropa'),
(3, 'Alimentos');

INSERT INTO CITY (ID_CITY, ID_DEPARTMENT, NAME) VALUES
(1, 1, 'Ciudad A'),
(2, 2, 'Ciudad B'),
(3, 3, 'Ciudad C');


INSERT INTO COUNTRY (ID_COUNTRY, NAME) VALUES
(1, 'País X'),
(2, 'País Y'),
(3, 'País Z');


INSERT INTO DEPARTMENT (ID_DEPARTMENT, ID_COUNTRY, NAME) VALUES
(1, 1, 'Departamento 1'),
(2, 2, 'Departamento 2'),
(3, 3, 'Departamento 3');


INSERT INTO DETAILS (ID_DETAILS, PACKAGE_HEIGTH, PACKAGE_LENGTH, KILOMETERS, VOLUME_PRICE, WEIGTH_PRICE, KILOMETERS_PRICE, TOTAL_PRICE) VALUES
(1, 10, 20, 100, 50, 30, 5, 200),
(2, 15, 25, 150, 75, 45, 7, 300),
(3, 12, 22, 120, 60, 35, 6, 250);


INSERT INTO DRIVER_LICENSE (ID_DRIVER_LICENSE, EXPEDITION_DATE, EXPIRATION_DATE, FRONT_IMG, REAR_IMG) VALUES
(1, '2022-01-01', '2024-01-01', 'front_img_1.jpg', 'rear_img_1.jpg'),
(2, '2022-02-01', '2024-02-01', 'front_img_2.jpg', 'rear_img_2.jpg'),
(3, '2022-03-01', '2024-03-01', 'front_img_3.jpg', 'rear_img_3.jpg');


INSERT INTO EMAIL (ID_EMAIL, ID_PERSON_CLIENT, EMAIL) VALUES
(1, 1, 'cliente1@example.com'),
(2, 2, 'cliente2@example.com'),
(3, 3, 'cliente3@example.com');


INSERT INTO GUIA (ID_GUIA, ID_DETAILS, ID_ORIGIN_CITY, ID_DESTINATION_CITY, ID_PRODUCT, ID_RECEIVER, ID_SENDER, GENERATION_DATE, ADITIONAL_DETAILS) VALUES
(1, 1, 1, 2, 1, 2, 1, '2023-01-01', 'Detalles adicionales 1'),
(2, 2, 2, 3, 2, 3, 2, '2023-02-01', 'Detalles adicionales 2'),
(3, 3, 3, 1, 3, 1, 3, '2023-03-01', 'Detalles adicionales 3');


INSERT INTO IDENTIFICATION_TYPE (ID_IDENTIFICATION_TYPE, NAME) VALUES
(1, 'DNI'),
(2, 'Pasaporte'),
(3, 'Licencia de conducir');


INSERT INTO INVOICE (ID_INVOICE, ID_GUIA, ID_USER) VALUES
(1, 1, 101),
(2, 2, 102),
(3, 3, 103);


INSERT INTO PERSON_CLIENT (ID_PERSON_CLIENT, ID_PERSON_IDENTIFICATION, NAME, LAST_NAME, BIRTHDATE) VALUES
(1, 1, 'Cliente', 'Uno', '1990-01-01'),
(2, 2, 'Cliente', 'Dos', '1995-02-01'),
(3, 3, 'Cliente', 'Tres', '1985-03-01');


INSERT INTO PERSON_COLABORATOR (ID_PERSON_COLABORATOR, ID_PERSON_IDENTIFICATION, ID_DRIVER_LICENSE, NAME, SEX, CITY_OF_BIRTH, LAST_NAME, BLOOD_TYPE, HEIGTH, BIRTHDAY) VALUES
(1, 4, 1, 'Colaborador', 'M', 'Ciudad Nacimiento 1', 'Uno', 'O+', 175, '1992-01-15'),
(2, 5, 2, 'Colaborador', 'F', 'Ciudad Nacimiento 2', 'Dos', 'A-', 160, '1990-05-20'),
(3, 6, 3, 'Colaborador', 'M', 'Ciudad Nacimiento 3', 'Tres', 'B+', 180, '1988-03-10');


INSERT INTO PERSON_IDENTIFICATION (ID_PERSON_IDENTIFICATION, ID_IDENTIFICATION_TYPE, "NUMBER", FRONT_IMG, REAR_IMG) VALUES
(1, 1, 123456789, 'front_img_dni_1.jpg', 'rear_img_dni_1.jpg'),
(2, 2, 123456789, 'front_img_passport_1.jpg', 'rear_img_passport_1.jpg'),
(3, 3, 123456789, 'front_img_license_1.jpg', 'rear_img_license_1.jpg');

INSERT INTO PHONE_NUMBER (ID_PHONE_NUMBER, ID_PERSON_CLIENT, "NUMBER") VALUES
(1, 1, 123456789),
(2, 2, 987654321),
(3, 3, 555555555);


INSERT INTO PRICING_KILOMETERS (ID_PRICING_KILOMETERS, KILOMETERS, CURRENT_PRICE) VALUES
(1, 100, 10),
(2, 200, 15),
(3, 300, 20);


INSERT INTO PRICING_KILOMETERS_LOGS (ID_PRICING_KILOMETERS_LOGS, ID_PRICING_KILOMETERS, DATE_REGISTRY) VALUES
(1, 1, '2023-01-01'),
(2, 2, '2023-02-01'),
(3, 3, '2023-03-01');


INSERT INTO PRICING_VOLUME (ID_PRICING_VOLUME, VOLUME, CURRENT_PRICE) VALUES
(1, 50, 5),
(2, 100, 8),
(3, 150, 10);

INSERT INTO PRICING_VOLUME_LOGS (ID_PRICING_VOLUME_LOGS, ID_PRICING_VOLUME, DATE_REGISTRY) VALUES
(1, 1, '2023-01-01'),
(2, 2, '2023-02-01'),
(3, 3, '2023-03-01');
