insert into COUNTRY (ID_COUNTRY, NAME) values (19, 'Colombia');

insert into COUNTRY (ID_COUNTRY, NAME) values (2, 'Colombia');

insert into COUNTRY (ID_COUNTRY, NAME) values (11, 'Colombia');

insert into COUNTRY (ID_COUNTRY, NAME) values (13, 'Colombia');

insert into COUNTRY (ID_COUNTRY, NAME) values (10, 'Colombia');

insert into COUNTRY (ID_COUNTRY, NAME) values (12, 'Colombia');

insert into COUNTRY (ID_COUNTRY, NAME) values (8, 'Colombia');

insert into COUNTRY (ID_COUNTRY, NAME) values (5, 'Colombia');

insert into COUNTRY (ID_COUNTRY, NAME) values (16, 'Colombia');

insert into COUNTRY (ID_COUNTRY, NAME) values (18, 'Colombia');

insert into COUNTRY (ID_COUNTRY, NAME) values (7, 'Colombia');

insert into COUNTRY (ID_COUNTRY, NAME) values (6, 'Colombia');

insert into COUNTRY (ID_COUNTRY, NAME) values (3, 'Colombia');

insert into COUNTRY (ID_COUNTRY, NAME) values (14, 'Colombia');

insert into COUNTRY (ID_COUNTRY, NAME) values (17, 'Colombia');

insert into COUNTRY (ID_COUNTRY, NAME) values (1, 'Colombia');

insert into COUNTRY (ID_COUNTRY, NAME) values (15, 'Colombia');

insert into COUNTRY (ID_COUNTRY, NAME) values (9, 'Colombia');

insert into COUNTRY (ID_COUNTRY, NAME) values (0, 'Colombia');

insert into COUNTRY (ID_COUNTRY, NAME) values (4, 'Colombia');

insert into DETAILS (ID_DETAILS, PACKAGE_HEIGTH, PACKAGE_LENGTH, KILOMETERS, VOLUME_PRICE, WEIGTH_PRICE, KILOMETERS_PRICE, TOTAL_PRICE) values (16, 283, 819, 216, 252, 506, 439, 619);

insert into DETAILS (ID_DETAILS, PACKAGE_HEIGTH, PACKAGE_LENGTH, KILOMETERS, VOLUME_PRICE, WEIGTH_PRICE, KILOMETERS_PRICE, TOTAL_PRICE) values (7, 840, 571, 151, 877, 564, 661, 730);

insert into DETAILS (ID_DETAILS, PACKAGE_HEIGTH, PACKAGE_LENGTH, KILOMETERS, VOLUME_PRICE, WEIGTH_PRICE, KILOMETERS_PRICE, TOTAL_PRICE) values (5, 866, 337, 898, 726, 429, 229, 534);

insert into DETAILS (ID_DETAILS, PACKAGE_HEIGTH, PACKAGE_LENGTH, KILOMETERS, VOLUME_PRICE, WEIGTH_PRICE, KILOMETERS_PRICE, TOTAL_PRICE) values (4, 353, 690, 300, 550, 983, 100, 757);

insert into DETAILS (ID_DETAILS, PACKAGE_HEIGTH, PACKAGE_LENGTH, KILOMETERS, VOLUME_PRICE, WEIGTH_PRICE, KILOMETERS_PRICE, TOTAL_PRICE) values (10, 520, 165, 587, 802, 374, 177, 888);

insert into DETAILS (ID_DETAILS, PACKAGE_HEIGTH, PACKAGE_LENGTH, KILOMETERS, VOLUME_PRICE, WEIGTH_PRICE, KILOMETERS_PRICE, TOTAL_PRICE) values (0, 720, 496, 100, 222, 211, 601, 831);

insert into DETAILS (ID_DETAILS, PACKAGE_HEIGTH, PACKAGE_LENGTH, KILOMETERS, VOLUME_PRICE, WEIGTH_PRICE, KILOMETERS_PRICE, TOTAL_PRICE) values (11, 570, 922, 773, 507, 892, 516, 803);

insert into DETAILS (ID_DETAILS, PACKAGE_HEIGTH, PACKAGE_LENGTH, KILOMETERS, VOLUME_PRICE, WEIGTH_PRICE, KILOMETERS_PRICE, TOTAL_PRICE) values (19, 460, 639, 382, 584, 933, 887, 707);

insert into DETAILS (ID_DETAILS, PACKAGE_HEIGTH, PACKAGE_LENGTH, KILOMETERS, VOLUME_PRICE, WEIGTH_PRICE, KILOMETERS_PRICE, TOTAL_PRICE) values (12, 618, 282, 637, 674, 590, 490, 321);

insert into DETAILS (ID_DETAILS, PACKAGE_HEIGTH, PACKAGE_LENGTH, KILOMETERS, VOLUME_PRICE, WEIGTH_PRICE, KILOMETERS_PRICE, TOTAL_PRICE) values (6, 426, 617, 522, 697, 858, 706, 369);

insert into DETAILS (ID_DETAILS, PACKAGE_HEIGTH, PACKAGE_LENGTH, KILOMETERS, VOLUME_PRICE, WEIGTH_PRICE, KILOMETERS_PRICE, TOTAL_PRICE) values (3, 322, 862, 460, 483, 245, 347, 667);

insert into DETAILS (ID_DETAILS, PACKAGE_HEIGTH, PACKAGE_LENGTH, KILOMETERS, VOLUME_PRICE, WEIGTH_PRICE, KILOMETERS_PRICE, TOTAL_PRICE) values (13, 165, 425, 996, 381, 757, 322, 270);

insert into DETAILS (ID_DETAILS, PACKAGE_HEIGTH, PACKAGE_LENGTH, KILOMETERS, VOLUME_PRICE, WEIGTH_PRICE, KILOMETERS_PRICE, TOTAL_PRICE) values (2, 223, 255, 436, 751, 801, 153, 207);

insert into DETAILS (ID_DETAILS, PACKAGE_HEIGTH, PACKAGE_LENGTH, KILOMETERS, VOLUME_PRICE, WEIGTH_PRICE, KILOMETERS_PRICE, TOTAL_PRICE) values (1, 381, 399, 952, 641, 651, 202, 574);

insert into DETAILS (ID_DETAILS, PACKAGE_HEIGTH, PACKAGE_LENGTH, KILOMETERS, VOLUME_PRICE, WEIGTH_PRICE, KILOMETERS_PRICE, TOTAL_PRICE) values (8, 778, 100, 818, 100, 475, 791, 499);

insert into DETAILS (ID_DETAILS, PACKAGE_HEIGTH, PACKAGE_LENGTH, KILOMETERS, VOLUME_PRICE, WEIGTH_PRICE, KILOMETERS_PRICE, TOTAL_PRICE) values (15, 751, 454, 693, 328, 333, 286, 160);

insert into DETAILS (ID_DETAILS, PACKAGE_HEIGTH, PACKAGE_LENGTH, KILOMETERS, VOLUME_PRICE, WEIGTH_PRICE, KILOMETERS_PRICE, TOTAL_PRICE) values (9, 946, 783, 252, 831, 100, 769, 950);

insert into DETAILS (ID_DETAILS, PACKAGE_HEIGTH, PACKAGE_LENGTH, KILOMETERS, VOLUME_PRICE, WEIGTH_PRICE, KILOMETERS_PRICE, TOTAL_PRICE) values (18, 919, 539, 349, 417, 298, 837, 421);

insert into DETAILS (ID_DETAILS, PACKAGE_HEIGTH, PACKAGE_LENGTH, KILOMETERS, VOLUME_PRICE, WEIGTH_PRICE, KILOMETERS_PRICE, TOTAL_PRICE) values (17, 669, 720, 748, 163, 149, 376, 450);

insert into DETAILS (ID_DETAILS, PACKAGE_HEIGTH, PACKAGE_LENGTH, KILOMETERS, VOLUME_PRICE, WEIGTH_PRICE, KILOMETERS_PRICE, TOTAL_PRICE) values (14, 100, 189, 851, 285, 700, 571, 100);

insert into PRICING_KILOMETERS (ID_PRICING_KILOMETERS, KILOMETERS, CURRENT_PRICE) values (16, 303, 508);

insert into PRICING_KILOMETERS (ID_PRICING_KILOMETERS, KILOMETERS, CURRENT_PRICE) values (2, 844, 443);

insert into PRICING_KILOMETERS (ID_PRICING_KILOMETERS, KILOMETERS, CURRENT_PRICE) values (18, 652, 531);

insert into PRICING_KILOMETERS (ID_PRICING_KILOMETERS, KILOMETERS, CURRENT_PRICE) values (0, 738, 381);

insert into PRICING_KILOMETERS (ID_PRICING_KILOMETERS, KILOMETERS, CURRENT_PRICE) values (6, 483, 696);

insert into PRICING_KILOMETERS (ID_PRICING_KILOMETERS, KILOMETERS, CURRENT_PRICE) values (9, 914, 648);

insert into PRICING_KILOMETERS (ID_PRICING_KILOMETERS, KILOMETERS, CURRENT_PRICE) values (5, 260, 333);

insert into PRICING_KILOMETERS (ID_PRICING_KILOMETERS, KILOMETERS, CURRENT_PRICE) values (1, 890, 100);

insert into PRICING_KILOMETERS (ID_PRICING_KILOMETERS, KILOMETERS, CURRENT_PRICE) values (11, 204, 935);

insert into PRICING_KILOMETERS (ID_PRICING_KILOMETERS, KILOMETERS, CURRENT_PRICE) values (15, 440, 760);

insert into PRICING_KILOMETERS (ID_PRICING_KILOMETERS, KILOMETERS, CURRENT_PRICE) values (14, 397, 820);

insert into PRICING_KILOMETERS (ID_PRICING_KILOMETERS, KILOMETERS, CURRENT_PRICE) values (10, 155, 149);

insert into PRICING_KILOMETERS (ID_PRICING_KILOMETERS, KILOMETERS, CURRENT_PRICE) values (8, 587, 889);

insert into PRICING_KILOMETERS (ID_PRICING_KILOMETERS, KILOMETERS, CURRENT_PRICE) values (13, 699, 863);

insert into PRICING_KILOMETERS (ID_PRICING_KILOMETERS, KILOMETERS, CURRENT_PRICE) values (17, 368, 260);

insert into PRICING_KILOMETERS (ID_PRICING_KILOMETERS, KILOMETERS, CURRENT_PRICE) values (19, 783, 597);

insert into PRICING_KILOMETERS (ID_PRICING_KILOMETERS, KILOMETERS, CURRENT_PRICE) values (4, 100, 307);

insert into PRICING_KILOMETERS (ID_PRICING_KILOMETERS, KILOMETERS, CURRENT_PRICE) values (7, 968, 992);

insert into PRICING_KILOMETERS (ID_PRICING_KILOMETERS, KILOMETERS, CURRENT_PRICE) values (12, 540, 200);

insert into PRICING_KILOMETERS (ID_PRICING_KILOMETERS, KILOMETERS, CURRENT_PRICE) values (3, 303, 508);

insert into PRICING_WEIGTH (ID_PRICING_WEIGTH, WEIGTH, CURRENT_PRICE) values (5, 364, 214);

insert into PRICING_WEIGTH (ID_PRICING_WEIGTH, WEIGTH, CURRENT_PRICE) values (15, 748, 860);

insert into PRICING_WEIGTH (ID_PRICING_WEIGTH, WEIGTH, CURRENT_PRICE) values (9, 678, 691);

insert into PRICING_WEIGTH (ID_PRICING_WEIGTH, WEIGTH, CURRENT_PRICE) values (7, 429, 271);

insert into PRICING_WEIGTH (ID_PRICING_WEIGTH, WEIGTH, CURRENT_PRICE) values (16, 710, 157);

insert into PRICING_WEIGTH (ID_PRICING_WEIGTH, WEIGTH, CURRENT_PRICE) values (2, 235, 929);

insert into PRICING_WEIGTH (ID_PRICING_WEIGTH, WEIGTH, CURRENT_PRICE) values (17, 939, 663);

insert into PRICING_WEIGTH (ID_PRICING_WEIGTH, WEIGTH, CURRENT_PRICE) values (13, 776, 607);

insert into PRICING_WEIGTH (ID_PRICING_WEIGTH, WEIGTH, CURRENT_PRICE) values (11, 638, 395);

insert into PRICING_WEIGTH (ID_PRICING_WEIGTH, WEIGTH, CURRENT_PRICE) values (19, 323, 895);

insert into PRICING_WEIGTH (ID_PRICING_WEIGTH, WEIGTH, CURRENT_PRICE) values (14, 584, 311);

insert into PRICING_WEIGTH (ID_PRICING_WEIGTH, WEIGTH, CURRENT_PRICE) values (1, 260, 979);

insert into PRICING_WEIGTH (ID_PRICING_WEIGTH, WEIGTH, CURRENT_PRICE) values (6, 165, 100);

insert into PRICING_WEIGTH (ID_PRICING_WEIGTH, WEIGTH, CURRENT_PRICE) values (0, 907, 420);

insert into PRICING_WEIGTH (ID_PRICING_WEIGTH, WEIGTH, CURRENT_PRICE) values (3, 487, 570);

insert into PRICING_WEIGTH (ID_PRICING_WEIGTH, WEIGTH, CURRENT_PRICE) values (4, 879, 806);

insert into PRICING_WEIGTH (ID_PRICING_WEIGTH, WEIGTH, CURRENT_PRICE) values (12, 520, 751);

insert into PRICING_WEIGTH (ID_PRICING_WEIGTH, WEIGTH, CURRENT_PRICE) values (18, 820, 461);

insert into PRICING_WEIGTH (ID_PRICING_WEIGTH, WEIGTH, CURRENT_PRICE) values (8, 100, 519);

insert into PRICING_WEIGTH (ID_PRICING_WEIGTH, WEIGTH, CURRENT_PRICE) values (10, 204, 355);

insert into PRICING_VOLUME (ID_PRICING_VOLUME, VOLUME, CURRENT_PRICE) values (6, 718, 873);

insert into PRICING_VOLUME (ID_PRICING_VOLUME, VOLUME, CURRENT_PRICE) values (15, 841, 437);

insert into PRICING_VOLUME (ID_PRICING_VOLUME, VOLUME, CURRENT_PRICE) values (13, 751, 768);

insert into PRICING_VOLUME (ID_PRICING_VOLUME, VOLUME, CURRENT_PRICE) values (2, 937, 410);

insert into PRICING_VOLUME (ID_PRICING_VOLUME, VOLUME, CURRENT_PRICE) values (7, 346, 355);

insert into PRICING_VOLUME (ID_PRICING_VOLUME, VOLUME, CURRENT_PRICE) values (3, 675, 897);

insert into PRICING_VOLUME (ID_PRICING_VOLUME, VOLUME, CURRENT_PRICE) values (19, 966, 299);

insert into PRICING_VOLUME (ID_PRICING_VOLUME, VOLUME, CURRENT_PRICE) values (0, 890, 736);

insert into PRICING_VOLUME (ID_PRICING_VOLUME, VOLUME, CURRENT_PRICE) values (8, 779, 559);

insert into PRICING_VOLUME (ID_PRICING_VOLUME, VOLUME, CURRENT_PRICE) values (9, 204, 136);

insert into PRICING_VOLUME (ID_PRICING_VOLUME, VOLUME, CURRENT_PRICE) values (17, 470, 648);

insert into PRICING_VOLUME (ID_PRICING_VOLUME, VOLUME, CURRENT_PRICE) values (5, 100, 534);

insert into PRICING_VOLUME (ID_PRICING_VOLUME, VOLUME, CURRENT_PRICE) values (16, 625, 591);

insert into PRICING_VOLUME (ID_PRICING_VOLUME, VOLUME, CURRENT_PRICE) values (11, 250, 500);

insert into PRICING_VOLUME (ID_PRICING_VOLUME, VOLUME, CURRENT_PRICE) values (12, 501, 242);

insert into PRICING_VOLUME (ID_PRICING_VOLUME, VOLUME, CURRENT_PRICE) values (14, 564, 100);

insert into PRICING_VOLUME (ID_PRICING_VOLUME, VOLUME, CURRENT_PRICE) values (4, 166, 698);

insert into PRICING_VOLUME (ID_PRICING_VOLUME, VOLUME, CURRENT_PRICE) values (1, 287, 831);

insert into PRICING_VOLUME (ID_PRICING_VOLUME, VOLUME, CURRENT_PRICE) values (18, 405, 205);

insert into PRICING_VOLUME (ID_PRICING_VOLUME, VOLUME, CURRENT_PRICE) values (10, 915, 166);

insert into PRICING_WEIGTH_LOGS (ID_WEIGTH_LOGS, ID_PRICING_WEIGTH, DATE_REGISTRY) values (18, 18, '05-JAN-2017');

insert into PRICING_WEIGTH_LOGS (ID_WEIGTH_LOGS, ID_PRICING_WEIGTH, DATE_REGISTRY) values (14, 11, '06-NOV-2018');

insert into PRICING_WEIGTH_LOGS (ID_WEIGTH_LOGS, ID_PRICING_WEIGTH, DATE_REGISTRY) values (6, 17, '25-JAN-2023');

insert into PRICING_WEIGTH_LOGS (ID_WEIGTH_LOGS, ID_PRICING_WEIGTH, DATE_REGISTRY) values (12, 4, '25-FEB-2023');

insert into PRICING_WEIGTH_LOGS (ID_WEIGTH_LOGS, ID_PRICING_WEIGTH, DATE_REGISTRY) values (3, 18, '05-JAN-2017');

insert into PRICING_WEIGTH_LOGS (ID_WEIGTH_LOGS, ID_PRICING_WEIGTH, DATE_REGISTRY) values (7, 5, '06-NOV-2018');

insert into PRICING_WEIGTH_LOGS (ID_WEIGTH_LOGS, ID_PRICING_WEIGTH, DATE_REGISTRY) values (5, 17, '25-JAN-2023');

insert into PRICING_WEIGTH_LOGS (ID_WEIGTH_LOGS, ID_PRICING_WEIGTH, DATE_REGISTRY) values (2, 6, '25-FEB-2023');

insert into PRICING_WEIGTH_LOGS (ID_WEIGTH_LOGS, ID_PRICING_WEIGTH, DATE_REGISTRY) values (15, 19, '05-JAN-2017');

insert into PRICING_WEIGTH_LOGS (ID_WEIGTH_LOGS, ID_PRICING_WEIGTH, DATE_REGISTRY) values (10, 1, '06-NOV-2018');

insert into PRICING_WEIGTH_LOGS (ID_WEIGTH_LOGS, ID_PRICING_WEIGTH, DATE_REGISTRY) values (19, 2, '25-JAN-2023');

insert into PRICING_WEIGTH_LOGS (ID_WEIGTH_LOGS, ID_PRICING_WEIGTH, DATE_REGISTRY) values (9, 11, '25-FEB-2023');

insert into PRICING_WEIGTH_LOGS (ID_WEIGTH_LOGS, ID_PRICING_WEIGTH, DATE_REGISTRY) values (16, 3, '05-JAN-2017');

insert into PRICING_WEIGTH_LOGS (ID_WEIGTH_LOGS, ID_PRICING_WEIGTH, DATE_REGISTRY) values (17, 7, '06-NOV-2018');

insert into PRICING_WEIGTH_LOGS (ID_WEIGTH_LOGS, ID_PRICING_WEIGTH, DATE_REGISTRY) values (11, 9, '25-JAN-2023');

insert into PRICING_WEIGTH_LOGS (ID_WEIGTH_LOGS, ID_PRICING_WEIGTH, DATE_REGISTRY) values (1, 15, '25-FEB-2023');

insert into PRICING_WEIGTH_LOGS (ID_WEIGTH_LOGS, ID_PRICING_WEIGTH, DATE_REGISTRY) values (13, 19, '05-JAN-2017');

insert into PRICING_WEIGTH_LOGS (ID_WEIGTH_LOGS, ID_PRICING_WEIGTH, DATE_REGISTRY) values (8, 6, '06-NOV-2018');

insert into PRICING_WEIGTH_LOGS (ID_WEIGTH_LOGS, ID_PRICING_WEIGTH, DATE_REGISTRY) values (4, 14, '25-JAN-2023');

insert into PRICING_WEIGTH_LOGS (ID_WEIGTH_LOGS, ID_PRICING_WEIGTH, DATE_REGISTRY) values (0, 13, '25-FEB-2023');

insert into PRICING_VOLUME_LOGS (ID_PRICING_VOLUME_LOGS, ID_PRICING_VOLUME, DATE_REGISTRY) values (17, 19, '25-FEB-2023');

insert into PRICING_VOLUME_LOGS (ID_PRICING_VOLUME_LOGS, ID_PRICING_VOLUME, DATE_REGISTRY) values (3, 14, '05-JAN-2017');

insert into PRICING_VOLUME_LOGS (ID_PRICING_VOLUME_LOGS, ID_PRICING_VOLUME, DATE_REGISTRY) values (10, 3, '06-NOV-2018');

insert into PRICING_VOLUME_LOGS (ID_PRICING_VOLUME_LOGS, ID_PRICING_VOLUME, DATE_REGISTRY) values (2, 12, '25-JAN-2023');

insert into PRICING_VOLUME_LOGS (ID_PRICING_VOLUME_LOGS, ID_PRICING_VOLUME, DATE_REGISTRY) values (9, 1, '25-FEB-2023');

insert into PRICING_VOLUME_LOGS (ID_PRICING_VOLUME_LOGS, ID_PRICING_VOLUME, DATE_REGISTRY) values (16, 12, '05-JAN-2017');

insert into PRICING_VOLUME_LOGS (ID_PRICING_VOLUME_LOGS, ID_PRICING_VOLUME, DATE_REGISTRY) values (4, 17, '06-NOV-2018');

insert into PRICING_VOLUME_LOGS (ID_PRICING_VOLUME_LOGS, ID_PRICING_VOLUME, DATE_REGISTRY) values (8, 14, '25-JAN-2023');

insert into PRICING_VOLUME_LOGS (ID_PRICING_VOLUME_LOGS, ID_PRICING_VOLUME, DATE_REGISTRY) values (11, 3, '25-FEB-2023');

insert into PRICING_VOLUME_LOGS (ID_PRICING_VOLUME_LOGS, ID_PRICING_VOLUME, DATE_REGISTRY) values (6, 16, '05-JAN-2017');

insert into PRICING_VOLUME_LOGS (ID_PRICING_VOLUME_LOGS, ID_PRICING_VOLUME, DATE_REGISTRY) values (7, 7, '06-NOV-2018');

insert into PRICING_VOLUME_LOGS (ID_PRICING_VOLUME_LOGS, ID_PRICING_VOLUME, DATE_REGISTRY) values (19, 4, '25-JAN-2023');

insert into PRICING_VOLUME_LOGS (ID_PRICING_VOLUME_LOGS, ID_PRICING_VOLUME, DATE_REGISTRY) values (5, 3, '25-FEB-2023');

insert into PRICING_VOLUME_LOGS (ID_PRICING_VOLUME_LOGS, ID_PRICING_VOLUME, DATE_REGISTRY) values (12, 14, '05-JAN-2017');

insert into PRICING_VOLUME_LOGS (ID_PRICING_VOLUME_LOGS, ID_PRICING_VOLUME, DATE_REGISTRY) values (14, 3, '06-NOV-2018');

insert into PRICING_VOLUME_LOGS (ID_PRICING_VOLUME_LOGS, ID_PRICING_VOLUME, DATE_REGISTRY) values (18, 7, '25-JAN-2023');

insert into PRICING_VOLUME_LOGS (ID_PRICING_VOLUME_LOGS, ID_PRICING_VOLUME, DATE_REGISTRY) values (13, 19, '25-FEB-2023');

insert into PRICING_VOLUME_LOGS (ID_PRICING_VOLUME_LOGS, ID_PRICING_VOLUME, DATE_REGISTRY) values (1, 5, '05-JAN-2017');

insert into PRICING_VOLUME_LOGS (ID_PRICING_VOLUME_LOGS, ID_PRICING_VOLUME, DATE_REGISTRY) values (0, 6, '06-NOV-2018');

insert into PRICING_VOLUME_LOGS (ID_PRICING_VOLUME_LOGS, ID_PRICING_VOLUME, DATE_REGISTRY) values (15, 14, '25-JAN-2023');

insert into PRICING_KILOMETERS_LOGS (ID_PRICING_KILOMETERS_LOGS, ID_PRICING_KILOMETERS, DATE_REGISTRY) values (11, 13, '25-FEB-2023');

insert into PRICING_KILOMETERS_LOGS (ID_PRICING_KILOMETERS_LOGS, ID_PRICING_KILOMETERS, DATE_REGISTRY) values (16, 12, '05-JAN-2017');

insert into PRICING_KILOMETERS_LOGS (ID_PRICING_KILOMETERS_LOGS, ID_PRICING_KILOMETERS, DATE_REGISTRY) values (2, 7, '06-NOV-2018');

insert into PRICING_KILOMETERS_LOGS (ID_PRICING_KILOMETERS_LOGS, ID_PRICING_KILOMETERS, DATE_REGISTRY) values (5, 15, '25-JAN-2023');

insert into PRICING_KILOMETERS_LOGS (ID_PRICING_KILOMETERS_LOGS, ID_PRICING_KILOMETERS, DATE_REGISTRY) values (7, 2, '25-FEB-2023');

insert into PRICING_KILOMETERS_LOGS (ID_PRICING_KILOMETERS_LOGS, ID_PRICING_KILOMETERS, DATE_REGISTRY) values (4, 0, '05-JAN-2017');

insert into PRICING_KILOMETERS_LOGS (ID_PRICING_KILOMETERS_LOGS, ID_PRICING_KILOMETERS, DATE_REGISTRY) values (14, 10, '06-NOV-2018');

insert into PRICING_KILOMETERS_LOGS (ID_PRICING_KILOMETERS_LOGS, ID_PRICING_KILOMETERS, DATE_REGISTRY) values (18, 5, '25-JAN-2023');

insert into PRICING_KILOMETERS_LOGS (ID_PRICING_KILOMETERS_LOGS, ID_PRICING_KILOMETERS, DATE_REGISTRY) values (8, 1, '25-FEB-2023');

insert into PRICING_KILOMETERS_LOGS (ID_PRICING_KILOMETERS_LOGS, ID_PRICING_KILOMETERS, DATE_REGISTRY) values (6, 18, '05-JAN-2017');

insert into PRICING_KILOMETERS_LOGS (ID_PRICING_KILOMETERS_LOGS, ID_PRICING_KILOMETERS, DATE_REGISTRY) values (0, 5, '06-NOV-2018');

insert into PRICING_KILOMETERS_LOGS (ID_PRICING_KILOMETERS_LOGS, ID_PRICING_KILOMETERS, DATE_REGISTRY) values (15, 6, '25-JAN-2023');

insert into PRICING_KILOMETERS_LOGS (ID_PRICING_KILOMETERS_LOGS, ID_PRICING_KILOMETERS, DATE_REGISTRY) values (12, 1, '25-FEB-2023');

insert into PRICING_KILOMETERS_LOGS (ID_PRICING_KILOMETERS_LOGS, ID_PRICING_KILOMETERS, DATE_REGISTRY) values (3, 4, '05-JAN-2017');

insert into PRICING_KILOMETERS_LOGS (ID_PRICING_KILOMETERS_LOGS, ID_PRICING_KILOMETERS, DATE_REGISTRY) values (1, 13, '06-NOV-2018');

insert into PRICING_KILOMETERS_LOGS (ID_PRICING_KILOMETERS_LOGS, ID_PRICING_KILOMETERS, DATE_REGISTRY) values (13, 11, '25-JAN-2023');

insert into PRICING_KILOMETERS_LOGS (ID_PRICING_KILOMETERS_LOGS, ID_PRICING_KILOMETERS, DATE_REGISTRY) values (10, 10, '25-FEB-2023');

insert into PRICING_KILOMETERS_LOGS (ID_PRICING_KILOMETERS_LOGS, ID_PRICING_KILOMETERS, DATE_REGISTRY) values (19, 14, '05-JAN-2017');

insert into PRICING_KILOMETERS_LOGS (ID_PRICING_KILOMETERS_LOGS, ID_PRICING_KILOMETERS, DATE_REGISTRY) values (9, 19, '06-NOV-2018');

insert into PRICING_KILOMETERS_LOGS (ID_PRICING_KILOMETERS_LOGS, ID_PRICING_KILOMETERS, DATE_REGISTRY) values (17, 10, '25-JAN-2023');

insert into TYPE_PRODUCT (ID_TYPE_PRODUCT, NAME) values (2, 'Normal');

insert into TYPE_PRODUCT (ID_TYPE_PRODUCT, NAME) values (7, 'Pesado');

insert into TYPE_PRODUCT (ID_TYPE_PRODUCT, NAME) values (5, 'Liviano');

insert into TYPE_PRODUCT (ID_TYPE_PRODUCT, NAME) values (3, 'Normal');

insert into TYPE_PRODUCT (ID_TYPE_PRODUCT, NAME) values (10, 'Pesado');

insert into TYPE_PRODUCT (ID_TYPE_PRODUCT, NAME) values (6, 'Liviano');

insert into TYPE_PRODUCT (ID_TYPE_PRODUCT, NAME) values (9, 'Normal');

insert into TYPE_PRODUCT (ID_TYPE_PRODUCT, NAME) values (1, 'Pesado');

insert into TYPE_PRODUCT (ID_TYPE_PRODUCT, NAME) values (14, 'Liviano');

insert into TYPE_PRODUCT (ID_TYPE_PRODUCT, NAME) values (13, 'Normal');

insert into TYPE_PRODUCT (ID_TYPE_PRODUCT, NAME) values (12, 'Pesado');

insert into TYPE_PRODUCT (ID_TYPE_PRODUCT, NAME) values (11, 'Liviano');

insert into TYPE_PRODUCT (ID_TYPE_PRODUCT, NAME) values (16, 'Normal');

insert into TYPE_PRODUCT (ID_TYPE_PRODUCT, NAME) values (18, 'Pesado');

insert into TYPE_PRODUCT (ID_TYPE_PRODUCT, NAME) values (4, 'Liviano');

insert into TYPE_PRODUCT (ID_TYPE_PRODUCT, NAME) values (17, 'Normal');

insert into TYPE_PRODUCT (ID_TYPE_PRODUCT, NAME) values (0, 'Pesado');

insert into TYPE_PRODUCT (ID_TYPE_PRODUCT, NAME) values (19, 'Liviano');

insert into TYPE_PRODUCT (ID_TYPE_PRODUCT, NAME) values (8, 'Normal');

insert into TYPE_PRODUCT (ID_TYPE_PRODUCT, NAME) values (15, 'Pesado');

insert into CATEGORY (ID_CATEGORY, NAME) values (7, 'Delicado');

insert into CATEGORY (ID_CATEGORY, NAME) values (4, 'Peligroso');

insert into CATEGORY (ID_CATEGORY, NAME) values (9, 'Toxico');

insert into CATEGORY (ID_CATEGORY, NAME) values (19, 'Corrosivo');

insert into CATEGORY (ID_CATEGORY, NAME) values (2, 'Delicado');

insert into CATEGORY (ID_CATEGORY, NAME) values (1, 'Peligroso');

insert into CATEGORY (ID_CATEGORY, NAME) values (17, 'Toxico');

insert into CATEGORY (ID_CATEGORY, NAME) values (12, 'Corrosivo');

insert into CATEGORY (ID_CATEGORY, NAME) values (15, 'Delicado');

insert into CATEGORY (ID_CATEGORY, NAME) values (11, 'Peligroso');

insert into CATEGORY (ID_CATEGORY, NAME) values (0, 'Toxico');

insert into CATEGORY (ID_CATEGORY, NAME) values (6, 'Corrosivo');

insert into CATEGORY (ID_CATEGORY, NAME) values (16, 'Delicado');

insert into CATEGORY (ID_CATEGORY, NAME) values (14, 'Peligroso');

insert into CATEGORY (ID_CATEGORY, NAME) values (3, 'Toxico');

insert into CATEGORY (ID_CATEGORY, NAME) values (8, 'Corrosivo');

insert into CATEGORY (ID_CATEGORY, NAME) values (5, 'Delicado');

insert into CATEGORY (ID_CATEGORY, NAME) values (13, 'Peligroso');

insert into CATEGORY (ID_CATEGORY, NAME) values (10, 'Toxico');

insert into CATEGORY (ID_CATEGORY, NAME) values (18, 'Corrosivo');

insert into IDENTIFICATION_TYPE (ID_IDENTIFICATION_TYPE, NAME) values (2, 'CE');

insert into IDENTIFICATION_TYPE (ID_IDENTIFICATION_TYPE, NAME) values (7, 'Passport');

insert into IDENTIFICATION_TYPE (ID_IDENTIFICATION_TYPE, NAME) values (13, 'CC');

insert into IDENTIFICATION_TYPE (ID_IDENTIFICATION_TYPE, NAME) values (19, 'CE');

insert into IDENTIFICATION_TYPE (ID_IDENTIFICATION_TYPE, NAME) values (4, 'Passport');

insert into IDENTIFICATION_TYPE (ID_IDENTIFICATION_TYPE, NAME) values (8, 'CC');

insert into IDENTIFICATION_TYPE (ID_IDENTIFICATION_TYPE, NAME) values (16, 'CE');

insert into IDENTIFICATION_TYPE (ID_IDENTIFICATION_TYPE, NAME) values (0, 'Passport');

insert into IDENTIFICATION_TYPE (ID_IDENTIFICATION_TYPE, NAME) values (14, 'CC');

insert into IDENTIFICATION_TYPE (ID_IDENTIFICATION_TYPE, NAME) values (17, 'CE');

insert into IDENTIFICATION_TYPE (ID_IDENTIFICATION_TYPE, NAME) values (6, 'Passport');

insert into IDENTIFICATION_TYPE (ID_IDENTIFICATION_TYPE, NAME) values (12, 'CC');

insert into IDENTIFICATION_TYPE (ID_IDENTIFICATION_TYPE, NAME) values (15, 'CE');

insert into IDENTIFICATION_TYPE (ID_IDENTIFICATION_TYPE, NAME) values (9, 'Passport');

insert into IDENTIFICATION_TYPE (ID_IDENTIFICATION_TYPE, NAME) values (5, 'CC');

insert into IDENTIFICATION_TYPE (ID_IDENTIFICATION_TYPE, NAME) values (18, 'CE');

insert into IDENTIFICATION_TYPE (ID_IDENTIFICATION_TYPE, NAME) values (1, 'Passport');

insert into IDENTIFICATION_TYPE (ID_IDENTIFICATION_TYPE, NAME) values (3, 'CC');

insert into IDENTIFICATION_TYPE (ID_IDENTIFICATION_TYPE, NAME) values (11, 'CE');

insert into IDENTIFICATION_TYPE (ID_IDENTIFICATION_TYPE, NAME) values (10, 'Passport');

insert into DRIVER_LICENSE (ID_DRIVER_LICENSE, EXPEDITION_DATE, EXPIRATION_DATE, FRONT_IMG, REAR_IMG) values (4, '25-FEB-2023', '25-FEB-2023', 'UHM1EYFFJB20D9R8TS9F85HF5M3TMO52ETS56EF9KSVN14B2JR3VXV9IOAC PF U3 AJ7UVUNLGYB44 Y3I1HSCX7RS0B 8AGMKRWM3TJXN54ALU R6LSO9MQWT4LIA3 R511VY5S6P48CD6XX2 G 9NWRIWVPS4AGC9OC7BX4UT6 G1JHHQKX L8QSJ17KWIMB 49525DK4BMS5LK3I6 8OC5SISH8C98DM6 PE2KW3JYQHKNOIA88LO96B0 Q', ' WFH73NLS4OAGQ32L6S9X24LXW2W8L9DPRRAGS71K5B1TOYUR2WGJBC0CGMF7X CEHCI7AIRH7LPVHRE1OKMQL97678HC3GRKLALVP4H R2KCA2XHUJOR1MWX9WNBN0EV5DP054T5IYCAXSN7A3LXFOIJTK2BVTX096M15O8B7TOP0DEGRGCT34OOT69EVJDUVAM3SGS0TNY8T2JBK3VLKWYVO5AEASIC1QF88RGEA V1EQ S2XBO9E83E9VF00');

insert into DRIVER_LICENSE (ID_DRIVER_LICENSE, EXPEDITION_DATE, EXPIRATION_DATE, FRONT_IMG, REAR_IMG) values (1, '05-JAN-2017', '05-JAN-2017', 'NCV201P TW6470BQSSSTMXD S 6WQUOHSD28VK0N789UEVGEIPGT1B7Y8HA07UUQ4T0GPIUEACXHVJFF14R34M5AS0KIPNU7WM3LILJINCQYEH3U2J4HFUGK9YGDLHNAD5L7YBTLST6GFPEWNKHJ6N74OX9GQ57JJRSS4LF2HA674U3NCCNYA8MW7ANB SVNAL0VW8CLH71ADQXW8VWTCJTO1YWYG5V71KGPGF6 76EJUA 24KXKCLNU2U7BW05', '5JEQRIVHWXYULB3BD6VOV22Q8OUF2D1EGVYL9EXS1MDNO9XXJCWRSC4HVNQIPV50YQJVUMSVJMJG1UM85UM33SEQ7EYM M4Q5A025MFCWMR0GQM6A5KKH6 W6AK06I W5WPL  1 6NV45 I2UD57963 2VWAOG2YAULLM01TMPF2K2RFS6WVQBBJUKNP2MNOF4TF5D1WRLABL L9DGB6VLFMLVWYNIOAGBC5MEE 1HXAGT5C9QVTATBUVONS280');

insert into DRIVER_LICENSE (ID_DRIVER_LICENSE, EXPEDITION_DATE, EXPIRATION_DATE, FRONT_IMG, REAR_IMG) values (8, '06-NOV-2018', '06-NOV-2018', 'UIQXKN7YIITQ6BQH9QBTL6GL9PDI7T253K1IH3XKWPI9IUPW7WCEK6A96JOSA2FH1PXB0R9CK32VJP3Q3768JTC2RPH5L9Y2GP0KKBEU1A8B5NV6S811TXHO8GLK0A2KB12FSRC1IIYIQVIMY18F44SJUY 921IJ3489LSITT9FLM755WC66D0L3W1U88CEPM2E2N8MQ7BU3D0ANS RBP94 X3XYU41J7GETJSWT1TPDXVGQXXOS8EN8GYPUER1', '7EVHG7UR9V5XOU6HLCDEOF3PEVA  9I043C92ELD4YELJOD1CU6NM5KI2ORIT30S6TJL7YXLI2GS9U4D7Q91CNAB878FQ3WOR6DYOWQKO2LDA4S9O97G70HOSAA5 WMQCR05TDRATK5TYYC9X5 J3XVUTWQWS7CO5IW3WQPM3B7WDDF4IW8P06LSR2T8T2W8EEVKJVULJQINBL5WNUDK5X9KXTS2IJ1E8167Q9LCTGYPYNC4WB8B0MYGW7JMJ10');

insert into DRIVER_LICENSE (ID_DRIVER_LICENSE, EXPEDITION_DATE, EXPIRATION_DATE, FRONT_IMG, REAR_IMG) values (11, '25-JAN-2023', '25-JAN-2023', 'P WAG1I3102RT3Y96H6N5JL8Q5NHJAWW RANJD0PHYIYY8LX3MAD24GRREW55N96WQV9NHWF8FT28DXKUYPYPC4C1W0R68J24J23YKK1YUIJ7F535UPV392VG  0419580GSIGE7O2W0E4088XT0XDG71CYKRS7U0EWSAGVU2ITBSJTBQE3UH4G CKJWJ98K7S2K STULEKO3 UXDEHT5BNN72TR63QMWMO1JG8ENXOWB5JTQXDV9C6NO63NVDC', '8JW 6P6S0VASV2B3YKCIGM1DIDL DKKE 6OWETVCNTGRPCLIKFK2ECGIIJW9DEM5VX5JD7842IH37KHVF34MARAJMFHVR980EAKR39I68TRK7J5CUWTAG70NDQMDA7SRJY OBCFVNTA15LDC87WBEFQVEB06RA6SKWPCH97 16VQQJO0V1X4 NLIAYG3TNROI34562QYTDEFHJC5H0P S60G40UC5GTSLI5CFE3FX00WMSNVUQ1E 46C5K5UBCH');

insert into DRIVER_LICENSE (ID_DRIVER_LICENSE, EXPEDITION_DATE, EXPIRATION_DATE, FRONT_IMG, REAR_IMG) values (6, '25-FEB-2023', '25-FEB-2023', 'S0CO7IVS7BQ61889N1E2MR5MHSO1L8JEFPA6KEQJXHW8KQ8N8UMN6V1XPR5467806TP10TSNBEE99GLAUBJF2V4C3DN8UHAWUHCE9A92NX43S CMD4NFVN4F261QM DY VX EF31U0OHBEPXW7ICHG7CKOR8IK38YF9T1C5N2SCJ2UVTAXBDUOWSDI230ME F34EVH51BS5G1J52M7NGFKC0L408O348QG SPF6 4OAC85T97MNKQHEAST0EJK8', 'PR KW8GXIELW4TI9LOASIFC4FLOBX8EP2978J2226J 3HCR1AMBEVLQ8J3CTYTTKL61ALFM6GMK8QO9WYU9O0UKV2883OAL46FHVNP5B49HNPVCXGG769TGMMVRFSJD  Y8GA JNW XXAY1JMTJ7K4 HJ8SDI0T5U292C4MUJJ9NYP36RTYIHAO7R6JTN139CUISJCV7E46A15RROPFFHN29UXXVPKH ISRPDYFB1QMEIX6N1D92GM5LXRQJK0S');

insert into DRIVER_LICENSE (ID_DRIVER_LICENSE, EXPEDITION_DATE, EXPIRATION_DATE, FRONT_IMG, REAR_IMG) values (2, '05-JAN-2017', '05-JAN-2017', 'MB4PFE8DEMBCKLQY03PUVEP793JH52SY40L0T7UYUNPTUIIK2IF1PIDKK499NMTO9ALIWKGMYEI6V941YGL2V9S5K ECKNONGBBFDCEU8EKB90BBMX3B9VJOHU3O3FL EK4X4NWPL270T GWR0967WIBPRL ECEOQT40UTTGLCM29UIX6P67AB2F7M05AALIK5MJOJR918UIYQ2LC  2OJ7DK93KD5T1SYUEJCC14XT6J8787XRAYFOGMVW KG0', 'EOSOY4 2HTOP926KF1NU4GWJNX6VT1JR8HW8ETLWKM2X95EBYTQ56TU 2IAV52YN6KLE32X6R6R4DLTRUKU96BIPWWFOD4A1R1LNKW4HMTNJH0F4DXUW6LDPM64ORYXO60VYAL4TD1JHV4M2181QVLUA5LUXXI3OE00WFQ8VW1S7WSJ0S2M7RK4PA9QU HLHXD7GVB11IYM1P1BT1FQXL4QJBB0KQA82FMH NBUYAJK962TC 2P12PDLA66QLJS');

insert into DRIVER_LICENSE (ID_DRIVER_LICENSE, EXPEDITION_DATE, EXPIRATION_DATE, FRONT_IMG, REAR_IMG) values (0, '06-NOV-2018', '06-NOV-2018', '091KAPS3JHRWVILA4SFKBEN3705WEN833UCLS9XWG1LOBQL4W84WM92R62HKON2DS13SB5NO4VTF791K34P2K89N5F8VXC9BODYQTC50GTUMBAGJ468ODVC00R45FPH1JD0UHFPQ6URLF1Y8C30 KCWBECFQ1FW3Q2DE7IF3TI01MEMYB0Y7W440K2 GP7AURFKQETF5YFXBQSO5KPGCAMGJPILXN 6CCY F4YY GYFH7I1QUKMATN0JJHVLWP1', 'VAJ2T0P7PIEWJEET3J5D4P74HLN8LOLHSUY9Q16 V488KG984X8OY1HL44UGDI0EAT JXEXLBM088PNWLN8QIEAMXD9T48VOOGKSL KMD7B8AFG2AIK4U8AKW7P4H13B39UCPQ2PK45KFIBK5RMGVN4B2XOW1BM5QGGXBAMN6XK3H3 MJ72D8G7O785707IVJ1H9QSA0F443YA42P4HQLWDR7WTOOS3YCEQPOD2NF12A1LKCF178VUVDVTU6A Y');

insert into DRIVER_LICENSE (ID_DRIVER_LICENSE, EXPEDITION_DATE, EXPIRATION_DATE, FRONT_IMG, REAR_IMG) values (16, '25-JAN-2023', '25-JAN-2023', 'QUPMY81A7RTPVODJOHK1XCCFJCVLQXNR66IU40J PGILMK34KROXV8CKVT5EQR3ERQE88692G8IX6AEIHUSMJPG4K9SI7CKOK OYQ5JUGKQ3A5G9HIJGC2XJIO9DEMIUIC1ER8XC4LQI4CV4LGUTV1911LW2S25QF TTN2E MC7W5QII34WH56BIE3R3C00WCTS1FUP21CPAKDEMVXCH77YQOF E WKSJLXAM0PJVEKX9L323F2J675CC1CW6S9', 'F1FGFIXLBBVB34A6JHBQY01W7C1YWHHI2C8K52WTDAR3VN5B0KJEIR5R2BF4GQH4HUMW9KKNBW7C5D2TRUO557NBNJ20C2UVQ0QD97TQX5WQNRR73YL6UXOHNB1VID00QSPK1EACV0 ES 4 GU8IRHBAL54NU23KGRHUI0A99JOJYB2S8NYUE5TSV5Q9CQCOXCRUON613QHUXH2 R0NEC8IXRIW FNE3CP9SG4ALXBXTP3AF9PEI QL0VW954UA');

insert into DRIVER_LICENSE (ID_DRIVER_LICENSE, EXPEDITION_DATE, EXPIRATION_DATE, FRONT_IMG, REAR_IMG) values (5, '25-FEB-2023', '25-FEB-2023', 'COCMQME4OQ3P9OY1B5WRTY6315QRBHEXN 0LPQ9U8YV69ESYCR4NIO6KU9KI46GKO231FD9O0MSQ PU0DEYHHV6SDD5GHQ94L5BPJ4YKUAR34XI0FI31FHN6OB5O48OX2VDFPX0O0RJ3Q77F9X7DJ1NADUHK2VDAOONY52L2CAJ9K52 9 BBRQ 6V9ONFMEPHBSBGD3SJAB4CL55VQ0NUUKMWA91FY2JGEYWBNSAUDK7BHR90HWWEMYO06L3UKI', 'R39NVS0L1QL4U2RE24P7YKDNX7DJQ4AV1UWW9ALCD86IJ A 7T2SHPEQAM 81RR6UXXE75W37JUQ5RM9B09OYF0HGOTWAYWG7Q263BI1O7KS5WX5QI9N 3C H7TVB9S2D6KQRC35YS1PDWRJHG0J1MNUJPA 05WXAJDRMEY4FDR3Y1CGWBFC FQ9RF0TXNQ25DW59LEEMVBVUB0SVM7QVT8KU13F8NG09J3A1493AFHWCYMY P9XOUA1Y8XWLXM');

insert into DRIVER_LICENSE (ID_DRIVER_LICENSE, EXPEDITION_DATE, EXPIRATION_DATE, FRONT_IMG, REAR_IMG) values (12, '05-JAN-2017', '05-JAN-2017', '1PSJDSDL1EW0TT96687W9QR8ANFO2J 9 TCHJPW 32OE2O3KN7JP81PWCVNIYXIPENDLWQDK549TIBQSQ5EB6CEUXLPEHN6JFHKY0UO93XMMAKQ25EPB19U8V6DKW5SFWPICU011CTWWL8R1 RYB8XWVAQYWUNGAS2UT3QO8VMOB DP6V4OU952HSWERE2AN4XKEOE7CV3C803WUMCQPTHM5LOMW2OA4OL4PEU7PGKK0 T8YGC4N2J96WWAYBEB', '09579455QEK2G5A77WIJN6NI1OXPRIRONVBGS5SL0VT0WCD3LEBYTIUWP73CTSKDPVPO3GLJYCY0PCA1AXNULD3TX14L6ESY4 4N7GL3IQLSW13RUXHW76SDPNHX0Q8SOAK3A SB5L4HOW5Y21J3B PQ9I5QGL 18XMDS3W15H0A8ANSK6R76ITGFSE3P9AIMJGKOK0YFD4XDJDBQ RTR7B9N76OV4TN1FCOJTF7T1S1MOITSS92I03EVBV27LV');

insert into DRIVER_LICENSE (ID_DRIVER_LICENSE, EXPEDITION_DATE, EXPIRATION_DATE, FRONT_IMG, REAR_IMG) values (14, '06-NOV-2018', '06-NOV-2018', ' F OCHVYE2C44S0WTETUXQT3JJ3J56OOUF0SHWS52QHTRT 7 OSS80IFY CEQ0AFK10YDY1J9MNFQBAWXI CCAT3H6Q GP2F0M3WJX5WQYNTRASAY3KJS2JAUQ0T6 H494L4TJTUPJPYXEHMB9JCA40SQ5BG PTOU9ALQ4669MWSCTQEXGF47D 1YPLN6OQTEMNHV5TMJACDNWDMAVT9T8YIR2CVIQMDV172K51HBQAUN MOYVT1C68TS06UKRN', '26VY4 B14YFHPEB794LUY6KGNHM3WP16J6EHT82682KL1BIG8YK6B69PVANI4SHXNX3Q5QK48V2H889513CL2B3L0EMFTCA1E51MDNJQ61YR47FE0UTOUK1EL6965KY8NG870T4PWXQGRLIR66MELLI6S4EXK9VS7GQM4DFH9WFP2ME080WA89WQFDMLP 2U1JWSMLVAMB62SNC3HDQ7X2VKO1JE8MM1PU FFMN9UWJ9C6VKSGMJAK0 BBS3AI4');

insert into DRIVER_LICENSE (ID_DRIVER_LICENSE, EXPEDITION_DATE, EXPIRATION_DATE, FRONT_IMG, REAR_IMG) values (15, '25-JAN-2023', '25-JAN-2023', 'VPAMBKAB2HLJ7CD5FWXYBT63 Y0FX9EOVTNREW01NFVIAW5K716DL YLYG 6KONK7EXNJMTMMSO9Y THGOPTAAKN0FM3TW3 UTD8LQILFL79HW Y5DPSR5HS7V86QY6BOL1UVOI8RF4CW62S6S26D6QBMDI42KJOGXMIXIBAK99OKQBJUNJWK181B224N1C6YM0M9GER3OOXRGI7TJ5V89GD8XHKASPPMK3E3OYLGOS490UV424CUNWPO0HLJIF', 'VFTQR1NWHLUXO4JJX3G5AL5VEG4 B0SD9UO5QTGWM7O5B9M4RU21LN4C9E3SOA8R5G8GMN6WBJIAINL1BIBORJYM4DV0RQ0TOL0S882BQ38RVA06O2MHVS23RF51LXL79HL5BCE9EH6JCA2M985860SB8MW5D6T48GCOED57 QY I18FKSK303J90NSS5LPWU4J3RUAX0IW9YSF965VRRU B32 LKJ3AUXHSHXCUJPSYHBXURR2OALG8XQK54J0');

insert into DRIVER_LICENSE (ID_DRIVER_LICENSE, EXPEDITION_DATE, EXPIRATION_DATE, FRONT_IMG, REAR_IMG) values (10, '25-FEB-2023', '25-FEB-2023', '8S7I58 KI5626PECPSSKX3L OBV0EQ7ULXJ46OUG23IU26RMF589C OBWMRRYSIPDLB2YPPJN95GHG7V006W4MN22K501A9RS5 ER1CO0B6E7HRN9AGAD2IMTSRCVPGEIM YF0  72PTXXLU298WE5XO68M9SUVROHC0GLNL30SWK782PL7 WOL9KBY7GF4DC17V0 E73QLG5HDYNT2VML32WH27TQ 4X0IY9IY9E0V0H92VUAY8 6KNSFWO0LO', '2J1XU1PX38WGO70GYV4O0RTT12X2A9UAJPQAB EHBSGOCYI1MGUABDTPNB09RCDUE2QYGNHM6UFAEESTHP46BHRXWSQT8O PHL8YG1G8V6919T8R001TT5X8JTQIKB3HBN9QQDJT8NJD0VJQ3EQ1ET5S9U2NCA5U86 R4U6O6WLC3EHAK 1R1Y0QG0 CALQVMY2MD5E3B7SRHA6UR1S0 SPGB3VD EWBWEKK3O1KO9EOVTAHO2HKQ7LVFI2X1NU');

insert into DRIVER_LICENSE (ID_DRIVER_LICENSE, EXPEDITION_DATE, EXPIRATION_DATE, FRONT_IMG, REAR_IMG) values (17, '05-JAN-2017', '05-JAN-2017', ' OE658T2N93HQ0BM3QII5R5GXCEJ4BW7EW 94GB4 OUBRV6JVV367U135CSGG1Y4OD88OINSRO0I8FTEMOHPV4FLRN0YFY4GA9JUJE 3CB3L0J4P27 JXRTPUUFOSYWJIPUXR3GQU26PRV CQDP4MVXOYAX ELKODXSDYWGPETE1IVOV4J8RTY16DEDNIXVT3BP5SOV N3ELHP2Q8PM48ADFPWIVTRNJIAHENGQF 6IU0X2V53HGSKM0FQ4EQJH', 'PF23 UMHKNOWGGV2FGUCUN1P0U6LC3KNED8KF0JFWO6PWU47QPX03YRKUAFC2WI5425TG44I1272R52EJ37IHH0YEI596QQKP S948MKTHN23C421R9V4IEQDL 8GIKP16WWDVGK98PE7PNU23OI388RKWILSJ9KAOSJQV2TPD7XH 169DABP8M OA0FF7AJ8 KGT04PEK0W3YNSTRQK83T7N6J7HI3R57SVJ4XW2EWPCTL7W1UDF9OYYVY5X86');

insert into DRIVER_LICENSE (ID_DRIVER_LICENSE, EXPEDITION_DATE, EXPIRATION_DATE, FRONT_IMG, REAR_IMG) values (7, '06-NOV-2018', '06-NOV-2018', 'M RNPDMUP6H48KO1 F2BFPHKRCXNTF59T9ALWYG ADULMYEW VQNX9TL2YAAX9F691ES1C7LW10KC9SDUQM0M0PUAEY82 XKG3EC5LRE94YTAUWQFSLVGIQ5DRKNLCI44VXD O O4TR8MCLMD0T5UH0NSFU3TS91PTKDJY1PPTRH7CK88CUDHEG8KM1JKCSGRXB93QN95 4T2JTEVLAA93OSCU6X487H8RKT6SSIA6CLUCJQFLR7XURTTVRMGY0', 'RI3J464GC461KSRAEEPB2O1008JREPO2CF7E5A NWLIS4F3OWBQCLBGVJR316KEQW3E3HLITBA6LDG004BL90GPNGH1R9NUAKK20KXAI7HWXISLFQOG89IKOBWVV77MKG9019R05M3AW22LP9CUX5KBQOBEF8RWWHMGJKW33MFV4ICEGD383EK97IBH41ADAMD9E00S4LI O829P8AQLY8MGNEA81WB1 JO1HBBN6PTK9LV5R9V2DCJEWA7IQN8');

insert into DRIVER_LICENSE (ID_DRIVER_LICENSE, EXPEDITION_DATE, EXPIRATION_DATE, FRONT_IMG, REAR_IMG) values (19, '25-JAN-2023', '25-JAN-2023', 'JFWX8 G571O5EDBA2X751DDDDK9Q7F 9WJ1QDK2WSXN5YCR3GFH2BW3DWK19Q1 UBQDWECCJMH1S4XVPJDJ5QGN98K230L77FA9SAR6MYE02CX2MUPYJ8VLOT4D0B22DHBXSJ4Y4F2DJLHAN8YIPKQ4OVQSE0PNVQV5LD32I65YVIM2MNTKAH8TIL1F4Q6D5WFATOLEBXHB31JQOOLAU8B8I 09KH2EBK8V5M9H8UAED O1GI5TKXMPTP707TA5', '8RTWWSY 545XMA8CLVD3W7APYQ2439XW47PAJ7XJAGWY3 8TN5V6LPPT0U04VND9CCAXVSEL55TCY1G30NI1TT5T6JR1BV60RBS4L2MFS QICP4JQOC72DA9MBH9RQ6VV1YKXBDOKGKLWK2TYOR Q8X20QRGV4LG Y4Y7ELM41413QWVSCO3SS91H4L349T7OGH5059932KBYWSM9UX3FVCUT5JDVV9I46VJ8KO ALD 5V2FQNNO3A5CGUNQ0K ');

insert into DRIVER_LICENSE (ID_DRIVER_LICENSE, EXPEDITION_DATE, EXPIRATION_DATE, FRONT_IMG, REAR_IMG) values (13, '25-FEB-2023', '25-FEB-2023', 'YRWXA7V9TQ3MUH8PFOV1O2IMLQWPYNLUQ1P1WHH7CENLN4BJ59VD3K W W06FD2LRNR81BXH3UL74G09EEV JKO7PUEGYPHV9E 7NEO0I2YBIAQ7CX5K7QSV90JTMXQHV3Q7H38MNKFLD KF47CPM7XSMGX51K8N389R2N 40TU829IGI5QN3IX48IKF30F5QP 3VOGMAG4A5LMPGQ5FO82W6KHCO1DCQWJY8PJN 9C57MPAHDIBVJ7L7NEQVC8', 'F5B1X70PH HFGT80MBGYCTSY3XX79T0 KEAL6SER957GCNO LO 5C66HLRHBTNKWBEBPP 74 FFKRJI1859DWNY0EAM5BYFU0QW2HJO5 35257PJU42PQPLH72DUPXV6O5MLOM3VA4YIIEYNMIQY450KVXU9KJJCWPYEDPQNXXFFGE5Y8JF1D 827EO75PGW4JV297SFXTI99N4RW5FQFJKHDU8GTEDQMJTNAD77TNMLTJXSBOM0UBJ7FIHU3TR');

insert into DRIVER_LICENSE (ID_DRIVER_LICENSE, EXPEDITION_DATE, EXPIRATION_DATE, FRONT_IMG, REAR_IMG) values (18, '05-JAN-2017', '05-JAN-2017', '663XHXJCB1XV8XWJW4PNUJMOLI3PND7XYNYRUXLEGD6CWSBLQ7W6NRF2YUDBQ6MEOC38HRSVQDGOQRXWQ0891G NT8SI I4F5VR5PC7VNTSVHST3ERI24T57I9OIY0F0MML2S9GMCKBK936AAHH6C2UCDB32G1K785T6DB05QTBF29ILEIE0BVD65 D2EQ3VG55D9ICL  5UOTKAI9ECG9FBYIUC8D08V8VSV4UO02K17B3FN2936UTN4V1O1U3', 'U1GF1 XWO JJ1JX4O6MA12HM5REIDKOJF5FM5016NFU 2QDK7V3M9WI97BV5L4QVROYHJ G9HQ8FHTFDMALNT6J6PMQ1YMWNPD7G6HJQ7LVNVJSUQDWIL6RSQ4I XL 73713Q2 5HO6TN6WWYSMA34RBFFCC7 LB2M7W63UILXDBLF9JF9J62YJETMOBJCPKVMTDGLHPF2A8Y GESXU0AN3OFP6VTIS1EBW9WK96R0J0XV5 DUKVLKQYKVV8CFJ');

insert into DRIVER_LICENSE (ID_DRIVER_LICENSE, EXPEDITION_DATE, EXPIRATION_DATE, FRONT_IMG, REAR_IMG) values (9, '06-NOV-2018', '06-NOV-2018', 'XUBR1BO02B4380GRI1PSHFEWA460BEJ8JREANBEFJ9X9V3VYC8XIF6H8JJE8DLTRN83TEAHGJBRT5WEOEV8CQBQID96JRI6KDUO0GC 8FQ71VQNRW3C2579DJDOGHLLXUPG9MV9L72KPN3RJ9MU5ISMV6YS7B4UCU47E OSNI08QMI6SX7C2R6H44OCOQM6AAWHQBOTJIN0CPC4KAX5O3XBN6QFNGYY6LOAMAWMKCQONCAMWIPJOQ2IKE7MYBJ9', 'IFF5V5AW7B7WSOVTBS2AQJT22CNN2B04LWY3MTWOUHYR406YURDJTBP4RHJFDHVK7IBSHJUOVXIM5N4RUQS RCAJX9GQAAC0KUQGBNHWCFB91867BC6SA1YFV0E6M LQLTYJVCMW8IG9D3891NMO2QOJIS33J1314FACVCVUWO7POE66GNSD64S I3JDO 9 SV1PVVL36CXTO5894HH1VDWQEYA577J341TK4 PJA2KE0QY WNQM3DALAJ3VYY3');

insert into DRIVER_LICENSE (ID_DRIVER_LICENSE, EXPEDITION_DATE, EXPIRATION_DATE, FRONT_IMG, REAR_IMG) values (3, '25-JAN-2023', '25-JAN-2023', 'YU9I0THD4 RUCNKUM2N2S9LDJA 9C5P CEE56M0X3FV0CGARUAYP5TMTWML18ADYURKW40O9F1XBAGIDHRPCBYU82ICULRD5AQCBC8A2OSY1T1W96P7F4UXYQBFQJI80DM3SJE0XPNHGKTDON5THJW44ITLY3KIO8Q05G65YWMWOBMIMXOCSPDNH2FWSJ13X H1OVRRRG11YK5IP4PFNUE7IL3D72PG4O3U90AX6BPU1ABEDYLWNCNEMDRLDIPI', '6E1S1FJ Q3UGBO6R F46T9UJVO9HOI8JPS06Y6QJPNT1Q1DO5925GJL3VTAMYH28QHVEHK5TGXI218L BG3E5B GXPI8YH6NUTR6H0775 W5P70E54FH2024G1HFPD1FSRWVQAEJWGPR4T9FEP3DISD E9VYCALITWJ7V9KE6LY4W7EQ70GXXW004IY4PEN19LNOC WJCUS2GQM7SD2YAXHGLVVVAGDLMTQ KS1WC2XQR3YUTTBJH09W49TCALJ');

insert into USERS_TYPE (ID_USERS_TYPE, TYPE_USERS) values (18, 'Medium');

insert into USERS_TYPE (ID_USERS_TYPE, TYPE_USERS) values (1, 'Premium');

insert into USERS_TYPE (ID_USERS_TYPE, TYPE_USERS) values (3, 'Basic');

insert into USERS_TYPE (ID_USERS_TYPE, TYPE_USERS) values (13, 'Medium');

insert into USERS_TYPE (ID_USERS_TYPE, TYPE_USERS) values (15, 'Premium');

insert into USERS_TYPE (ID_USERS_TYPE, TYPE_USERS) values (2, 'Basic');

insert into USERS_TYPE (ID_USERS_TYPE, TYPE_USERS) values (8, 'Medium');

insert into USERS_TYPE (ID_USERS_TYPE, TYPE_USERS) values (19, 'Premium');

insert into USERS_TYPE (ID_USERS_TYPE, TYPE_USERS) values (10, 'Basic');

insert into USERS_TYPE (ID_USERS_TYPE, TYPE_USERS) values (6, 'Medium');

insert into USERS_TYPE (ID_USERS_TYPE, TYPE_USERS) values (12, 'Premium');

insert into USERS_TYPE (ID_USERS_TYPE, TYPE_USERS) values (11, 'Basic');

insert into USERS_TYPE (ID_USERS_TYPE, TYPE_USERS) values (14, 'Medium');

insert into USERS_TYPE (ID_USERS_TYPE, TYPE_USERS) values (9, 'Premium');

insert into USERS_TYPE (ID_USERS_TYPE, TYPE_USERS) values (16, 'Basic');

insert into USERS_TYPE (ID_USERS_TYPE, TYPE_USERS) values (17, 'Medium');

insert into USERS_TYPE (ID_USERS_TYPE, TYPE_USERS) values (0, 'Premium');

insert into USERS_TYPE (ID_USERS_TYPE, TYPE_USERS) values (5, 'Basic');

insert into USERS_TYPE (ID_USERS_TYPE, TYPE_USERS) values (7, 'Medium');

insert into USERS_TYPE (ID_USERS_TYPE, TYPE_USERS) values (4, 'Premium');

insert into ADMINISTRATOR (ID_ADMINISTRATOR, ADMIN) values (15, 0);

insert into ADMINISTRATOR (ID_ADMINISTRATOR, ADMIN) values (8, 1);

insert into ADMINISTRATOR (ID_ADMINISTRATOR, ADMIN) values (11, 0);

insert into ADMINISTRATOR (ID_ADMINISTRATOR, ADMIN) values (5, 1);

insert into ADMINISTRATOR (ID_ADMINISTRATOR, ADMIN) values (16, 0);

insert into ADMINISTRATOR (ID_ADMINISTRATOR, ADMIN) values (3, 1);

insert into ADMINISTRATOR (ID_ADMINISTRATOR, ADMIN) values (0, 0);

insert into ADMINISTRATOR (ID_ADMINISTRATOR, ADMIN) values (9, 1);

insert into ADMINISTRATOR (ID_ADMINISTRATOR, ADMIN) values (17, 0);

insert into ADMINISTRATOR (ID_ADMINISTRATOR, ADMIN) values (7, 1);

insert into ADMINISTRATOR (ID_ADMINISTRATOR, ADMIN) values (2, 0);

insert into ADMINISTRATOR (ID_ADMINISTRATOR, ADMIN) values (1, 1);

insert into ADMINISTRATOR (ID_ADMINISTRATOR, ADMIN) values (10, 0);

insert into ADMINISTRATOR (ID_ADMINISTRATOR, ADMIN) values (4, 1);

insert into ADMINISTRATOR (ID_ADMINISTRATOR, ADMIN) values (12, 0);

insert into ADMINISTRATOR (ID_ADMINISTRATOR, ADMIN) values (13, 1);

insert into ADMINISTRATOR (ID_ADMINISTRATOR, ADMIN) values (6, 0);

insert into ADMINISTRATOR (ID_ADMINISTRATOR, ADMIN) values (19, 1);

insert into ADMINISTRATOR (ID_ADMINISTRATOR, ADMIN) values (18, 0);

insert into ADMINISTRATOR (ID_ADMINISTRATOR, ADMIN) values (14, 1);

insert into PERSON_IDENTIFICATION (ID_PERSON_IDENTIFICATION, ID_IDENTIFICATION_TYPE, "NUMBER_ID", FRONT_IMG, REAR_IMG) values (5, 16, 3132389482, 'MTIG7KOUO2N2ONV PJ3 NOGW8RSXXODYOSA8RL6A S3Y4VH94G7PGH1R14JLADH2V3NDVQBYJQW13NAOTU7FQQS VB0HAQG251RH25O95 0AN9V37YN5CI7IWRIUAED8OYTV1Q3G2KP9KRJNHD A SCOWMQYWYQO S78MGMFAI5C8353YOSX7F2X1JEE MG56RLSO5TGR YF13MTSJSWCKH 172ILY4EH958WQEWPICNFUR1EYN3P6J2DVHOCKR', 'XKMXCRDTA3TCLISF9TSE4RX2O9HBIEFYRMHOKMA627OODKMXNR8G5IPKKQVC5M0NFHFF3ACWBQ7R9QBFB4Y3JO60AT86GIEVL2RMCV 06D1K92VINDCTBD3YUJF0K9HVBH5B3 7 T97V188NI053VR0WT2HK59W0MOIVM6BK T 0PYJLK4A2UQGY3GADP77NFOWG EQ7 8QJ43SSR1QHUVGOTY3 8PVVVLBV9T0MJIC9L2V0N6FYMJ07IK0P0L6');

insert into PERSON_IDENTIFICATION (ID_PERSON_IDENTIFICATION, ID_IDENTIFICATION_TYPE, "NUMBER_ID", FRONT_IMG, REAR_IMG) values (7, 13, 3135994235, 'H6PLC9OYV6BRE6HY3HD9S47Q28IWH3VO020P7JNQJ3USD2PMSNO3VLCD77H1SUKEJDQW7AW5LW9TWJM4H64214WI8T36OE 2JFEMF58G9P2IVG7GRIHX38YJHFG4KNMX9A6V970YST JYT5M1WXD4OPYL8MX9TDTOGAI4AI3FP3P 1V8PR42CC9EYJ F2W7B HMHW1LC0MB7XPRBFK9KJRI0D5U4 QWJN BUUSS WB8LVO1M0PS 81NBU83QQH0', '8BGLWPRSX1TSH4AWK09WUQQMG8VL5T6U4IFIWEBTFP1MC94DOVKRR64 4G645O9YILN70J9SDSFOGT7TI10KO79MD881985Q1L7SNUFOH26Y9GF6LWYELKCOD VSTU68RKV064RXHFCSMW8V6DVAC571KY7UI65P29NY0QFWWN UYUO5Q2GSRKFQT G4QGO8DKX54YYIM21SGWH10P3GNO5F63PI83FNDCGRCDW59V3559IEEVI V5B7GXHKR10');

insert into PERSON_IDENTIFICATION (ID_PERSON_IDENTIFICATION, ID_IDENTIFICATION_TYPE, "NUMBER_ID", FRONT_IMG, REAR_IMG) values (13, 13, 3126894503, 'A2JPUO7A0F1G3TRJ9EI18WXCHPFFKSPOYSVF0R9YV9S7C1P5ILWOOTRIT IH3VKTD6 LJOQD4F5OSGR5BKJOXTQQP9VUSN9SVI 2NCQPWS4XPQDTIXA77AHXIB62 0C5M15QGLUDFF2FACW7BUWDXL4DSW6KRR0MC5YX7VUKY5TRHRWDEJTY340WWIMHXBPFY8HO3C35ODEQAFO5VXA0TJR4R65F0SY KMPRVUAH70SU6GDEQG7NG9XWGK00N7A', 'CABLXD7SU6LNH1WM6BF00 8KDOIF0TPB7F0254HYMY7BDIGMM6KPAEMVNDQ21XCNOM0W5W699BE11HL12RIE VSBBTCLLBR4QUQXRP4UHX28IY3UOMWBJOI539KY HF178C2170R456SYABJGW7GTI23YE8SIOGWADB879D 0HGJN60EA1DGCMU27Y1TI60HE31ITAGXD 6WW27OY67NYGC9GNTAX5PXNRV 83BP75R0HWLPTVL927NKV0FPPRE');

insert into PERSON_IDENTIFICATION (ID_PERSON_IDENTIFICATION, ID_IDENTIFICATION_TYPE, "NUMBER_ID", FRONT_IMG, REAR_IMG) values (0, 3, 3127705315, '8QS2OJG5TR 3U461EFOW7760F1RU0FAK5QC95T3GOXS1VG66V9HN4RDWDCOQMMXYXWJ5B7D8BW 1YVH6AF5JHCCT 7LV1DYOTT6TYDSKYSRIWLB SM VWNA0V06WSQT05TG27SD00TYL0JDHO PIUSHLDKQ6CVIUIU3IQIGQ065YD1D2V6G2RLFG1C0OCOWXW6HQB  JK91MIX8SS  9FS9TJPXOOTQLRKPYXYR VIM1RBO L62CMOSABI9H2B2', '62S5POGIJUBGW8EC8DHC7AENSGCGSNHSPQX6707KQEHY02G9FVXIG4GTMLW3JEX72KS00 J3C478P1TDG C34E7PBGFWW E7V1LQ5931OJ7GYTDFU0G177FJ9E4ST4DTHT IG8X9G9G8EMIMPI5QXI1I EUQSGL5FUENUW4TU6R2563 6WKJDHI350SCVAW 0  2JLMO2JPLJ9D61U003QJBDGC4HU065RIAVEI2U365921D O3C5Q8L47X1  2');

insert into PERSON_IDENTIFICATION (ID_PERSON_IDENTIFICATION, ID_IDENTIFICATION_TYPE, "NUMBER_ID", FRONT_IMG, REAR_IMG) values (18, 8, 3139657060, '58 JKHDVIWEE22HF1XQ5AH9YP176XE24VYWQEBWOEDID8RJ7DTTNRCVNQ8L1F2OF7GFE36SY5ITX Y83VSDUBN 6X29CE GFS0PE IW2QQ01GY64C4AYUMMCGTE8PD7GDRN689E7A09TU2UTQHOQ7RR9X17YY2DB T06JEODATLUB1P07UGL21K2RRXGLAGHS02KMHAW1SI3XS4F4E6I1W5G6HEPEJXGCNSLYUBP361EY5N3HX2HPRSJ938ACNI', 'M5AMUJSC97 63YO3N11ITGAC5VUOGSUV6X4P0WYCITUKNWMVYFCHRBQ4EOUJGRP9FM487T78 GKDDD25H0WW0VSUIB4WKSE4TIQX8DGC7NJ496PJF5SA JCBVSNW872J9MA F51N4PR44J6B AWQ770BXLC610N233795L50Q9IH06AUPJFCSKUQHV5IHTCA2497DT37V6RPPKPJYG2B8R6VD7BKL9BM35GELCS5II67YPGBTUX98K87EH2GXFP');

insert into PERSON_IDENTIFICATION (ID_PERSON_IDENTIFICATION, ID_IDENTIFICATION_TYPE, "NUMBER_ID", FRONT_IMG, REAR_IMG) values (9, 8, 3137947454, 'FMMH7JTBMQYWHE31T7I7T3L7H78 3R70LPJTF 1VCT5XTYXINLJY6JTB 79803YD6KRTL8EQLXV TJXG19QSQDJ45Q8II0AL19RYNPE IWTSD VXJ9OT3YDFY2PCE1 NK6TTTIYBD04EKM69WLQ T1L8BDGKAXT5OEID3CW72IYRFKPHSXCHLOIBE8I4G6H1NOSB6WPUOOWBLMMGCNE2YEJ69TCD CVV140AWD4UQF JRL2QYSELQINXUU7MDMM', 'EX449MJ02WWU6 DSQG91KWWG9IJW5 BL7FEBW7288AE2FBX7 Q13RN8S3NWSP7PM3GSOLGTLU519 66IW1LCC1U5GLPFJ 29JT0SM2XHWEIUTH1WMS KJYKWICXKMSDJE 9FIUCXK40G GN2J2FGBQ556V32GFS2FC3QY172Y93CP6HN9MYU0PBQMOQSTA8CWDI6Q9K8IPNEFUL0DED799NT4QS1BP76TCHCV3S30QUS68J9 UTEOEX869F0UFJ');

insert into PERSON_IDENTIFICATION (ID_PERSON_IDENTIFICATION, ID_IDENTIFICATION_TYPE, "NUMBER_ID", FRONT_IMG, REAR_IMG) values (6, 0, 3125563175, '57Y1DXXJ5Q1YFGT1NOSM6K0QA09LKJ09XCV9XR5USHRXLAWAEYQ5YL3I65IKI2CIRP0MX8LNMPUN99Y803OHCVIJA 7T2NJWM7VKKMPDATFTID26LQ3  3LWD85YGM7FTO3ENCPBG8Q185Y75DA39EW95X8CK3G580MPN9 BXSYB3WLPEGGBNQN2R9DETIUYXDXWYVSMLCMT4RFND05FW5QRMFI66YK66KC9WAXU32F384CYE5UDQPOJSOJ7RS7', '2AYPG29FIXJO585YRK324MDVQBCH54AW91EO2OSTUG1VVVQOP0UKBKLJNVN0VH3198I9PPSEXIDH4RJKHB9GQPDXTEDD7JH7Y3NR D6X IY9NRF28BJ LTUG8VIO472BFGEF2AH V6JW5W9QQN884BS9ALBNED8UI1V7S7NURN985RBT8CS4LWTX 51J0YRWJ7U1FI QB4HWB6S3P68O T2H1XEKHUB7CQAA7V9E9P68HPH L86SDYHNCRSC0F8');

insert into PERSON_IDENTIFICATION (ID_PERSON_IDENTIFICATION, ID_IDENTIFICATION_TYPE, "NUMBER_ID", FRONT_IMG, REAR_IMG) values (1, 19, 3135268468, '30JFJGF55W4WKURQ0408A4U191 X52PTTLHPLDWPW0HLT5B865A2718T0001UWL3QIBF98S3H4BH4D0 92V475VAP5GV98A8XL3KHC10RHMGK149Q23G85HE4F17KA8MS79XHAP0688A RLIUV6X ETA1Q7U0D NOFNNCJWCFQJ2BYVUQ10OLYG 77UM6IBY2QHW759IDGU6D50 EBGJKBJ34JF47XIXBC9V4UIYHOP00XU7 T4OPKS6RP95KAJ', 'WI6X0BFC35BF7E0XPEUSPFSEDCXMO HUGUVI1 UWPE9X2FWKV8A2EXKA719U45 9 PX6U5KLA8304EAEXIXOFO60NL1JTMESAC3 YTK1EERS6BLGUH62L9SH1NQM0NY2 3AA97IHYU2EVOR OPTILTA8JVWU32 I8 BIGHIJQ474BYS9BL7MCXT0VLN0GK1OLPPUU0FNX4L1I UYSR3CHM2C7S4E3KRJBF6LNDBGOMFBSD1JJDJ4RU3LKXC1YQ6');

insert into PERSON_IDENTIFICATION (ID_PERSON_IDENTIFICATION, ID_IDENTIFICATION_TYPE, "NUMBER_ID", FRONT_IMG, REAR_IMG) values (4, 7, 3133953941, '56OOJRSAIT2QI45VRQYFPB5TL769NEAGK  9JIYWC8P 0PKA5F7GKA118BCCL2EW 0S3WARXQ4K5JIMY1VI472KG P1JTL92NNHS7D C9TK3QYH11V7H7FCJ7A45B90H36 MS3IGI7A5QMP8S29UOJ69CQIF74QK9KDPT61LOOB0CXKAXT4F47TF7G4I62Q025GENETL5FVFPR51BC3PKGNUCAVU1Y3T5PT343OU2TVNWDHVX R2NYPS1EVK1Y ', 'H4HUDHBT7PYMK41B4FLTVYEJUCTYNWJ33Q8TJD4XRML KJ5DCUMPQ9P28LKX62S6T4N8X4UNPFP1BD6YWTHTSFOMK1LIYCV8O11MDD23I5SELCNVEGGNS9HGYHEQ9PGP6SLP6NA V3VMLWINWC69SR2RJHBHXQV9E GM3JOAC2QJKGXOWY899A9SYNVBYXGTPRIB8OMHHCRS5L07TKFH0CQWAU1XX5HO28UIWMQU56J39CV26BGQMBGPWL8LYJT');

insert into PERSON_IDENTIFICATION (ID_PERSON_IDENTIFICATION, ID_IDENTIFICATION_TYPE, "NUMBER_ID", FRONT_IMG, REAR_IMG) values (3, 3, 3139120822, 'GUGXY QFKGW9Y9V94FCWF1UPRS HCMHUARNC98N2WGITOQ9YK9LCC0G8S92O29RCU4SD8KKTWVYAI344X1CP13O0O19IBYP89STS2IYSWSUE23VQR3HXVOJVEBIBDK38VXQ5HFDLW2LDHI6DT9IB64W95STJS91TIYS2CWO6DTC6EV01 GRJWFLPI8DYYTWB0HH77RWGY56TUHL 5RQUQF1G81I77RB48L0410T10R 6 7NAOV2LAV5XBNB JA1', 'DBII0F0CQ1MI1Y9Y3Y95 LLRTED4YX759S5VPSSJDGC94T FTUPREKGD4QT562ISVIGTNHHC2LKLEPA U6QE5HM2MMFLY1SFK5ELGGQ6NV FTHP5VY0T2BYO8A8QC91LQTATA MOTADPHXGPYIIO70 X0PQMMLD1JCXPJL0XN5JX0LERIXHKH30J9432GVFR8MGMCDXV0L70X2RESN64Y356Q5CIDLUKQ PSTN08Q K20X4SCGNXQYQAWGMHH6B');

insert into PERSON_IDENTIFICATION (ID_PERSON_IDENTIFICATION, ID_IDENTIFICATION_TYPE, "NUMBER_ID", FRONT_IMG, REAR_IMG) values (17, 17, 3126028304, 'O8SFDBLV5O7BLL0VQKLFSH9V4GWEBT81F2DICC2LH10W840IN2TFXYBGL49RJJ0T5DE DMRXS3R0I3PN43IH7MEX9197R4WDHT4Y4B99GX63PGIQU79UDTN3L2C44X5DRASEBDAXUUHAU250N7YO PQW8EU01 TE0O6LVL89XJB7OGIY15TWCU76PP3I3T3TQDM0M8KFKGI1L32RP8E2XX3L1WS0K6IG64BL3EN4OGQE3Q4E69UT215Y85Q7V34', '468G2YBL25U1Y3OJWH6B600DQPA4T663E5DFUJ5DXE11A70A2H15G7Y EK0YJU7JPJ5DAD5IK4DNYTECULBW AAUL15LQTEOBCHMRIQS 1FEHA7LVUJD9JPFB3BSTGCETV48KX8VI9D7LQ20OFU6PIM5VQBC9PJT 753TX4FHK1GPPHRNIRG01C1TN9XDYAETYQUD2W5M2IUGOXYFFEIK74MFIRFJM XP04VALFVEOC3W0OBXOQGB1GJP588MA4');

insert into PERSON_IDENTIFICATION (ID_PERSON_IDENTIFICATION, ID_IDENTIFICATION_TYPE, "NUMBER_ID", FRONT_IMG, REAR_IMG) values (8, 7, 3130426870, ' BQNB6MEWMMOSEVEFSFPU WHM2PVR7288NR8R0DMQA 26DKXWUWOJ58I CP3PFP1V3PV6YQK9RSQ91Y7MY 40UMHMKW8XJTHLFY2JNTPQ9 Q919O7V  DUQT3ET07UW018QC9V6E39IWYIFWM6ME9JVCV576A017A8IU4YN895NGGRVYLQQ6U7 M2XJYEM6D6J59QALB884TQ8B9903GGS7MIX9M90VNXNY6MQNX4DXPN6OWVJXW6X9D64CDAS3', 'LJWETV06TKDMITNCKYQ U0PVRCAG86A7LTFMIA1WHERX21WAX9SDX C29RR5CYA3BYGM09NGWD1W3TFSNGUTQJC2FWMQC1E7LL1NBO4Y AU93UHXN1F8MHI4JXHRSR4E79DVOS672B61074NHUOOEPYM XGWFM34SOHXXW HVO K2QOJ38P4FTK4JHR8I YR6HE9RC32P5EG1OD8D9T3A0X9G1C397C7PW0SPXJ6PDKTO4PMWSN2XYSPPR AFL0');

insert into PERSON_IDENTIFICATION (ID_PERSON_IDENTIFICATION, ID_IDENTIFICATION_TYPE, "NUMBER_ID", FRONT_IMG, REAR_IMG) values (15, 17, 3131563379, 'QFB091YI36O1QD98P4I1GM1881NNB2J1E4Q3GGKFOJLJUH3XMALT8W14DQ7WR6CAYPSYRHGBEGXX32FE2STK5MA0FH7GECIC29QMR7XSL9MMAG UPA736J TSIDDTP9NNN3VDUY6VN6QGCRXHYWVNDACLC5PEUKAW9AP23SJKRNNU700QNH5UQ L4RXU5 1GICRHU3DE14FYREDTD4KLSU4G8TNDFV4BXOALHYMFANN3NRLCLQEAHDYS82UTRHW', 'I0AKRMBPJ44IJNTYJGO LICIC4SNS9P8CO3QQUD1D3P6G8NET3XXQ9LTDST4PB3P8FWX5OPVHHG2D4S5LBXMGLB3S8LCGJGO3CMFP8YLPXE91A9M2J1L0F8K6J6M60A2NF63SW1LGJK3WES1DN 1E9PWPGL DBQU2W1PEFOCSTRE7JL7 HG P9L C3AKK6RN 6KKAW BYA6ND7PE2O49IODNADFQ85D532JHKBT6DYCVWQHMATGTM8E6CRB0QXA');

insert into PERSON_IDENTIFICATION (ID_PERSON_IDENTIFICATION, ID_IDENTIFICATION_TYPE, "NUMBER_ID", FRONT_IMG, REAR_IMG) values (10, 9, 3136794633, '0TXLOND50ENBQF5TFKGNB ASNEONELCSLNGUIBSCRN4NPJBIFCC1RXXUARYA0QVU2N3QAQP08RY7R4V9BNUNYYVD95CQMM7LJT3B39WS6FIPGX2V49KGTYPDQA1X1QX25K26WOJE15F98DEB33UWKLSHK2YLTWRDJKV5SCL471AVF282F98JWONRV5DJURPNQE12D89JI41BEDMOL2LAWXUVT3T WOKXPWWEGAPDJF3WSNQ67LCELW A1E9UUY2', 'WA2GYJS8KL1L4BSM7U133VJS5QNXH018NKD8SGOACT71BLJ5C3BBCNSO1IRMD8 3KULBX1RBO88W335IC6AKB8WKRMUDAQ08KJ91GWGTO463ICO1LW172Y9QOYVAD9T572H S QP8HBDQ2HQTMBG4K0CKP49HW119Q65OP0NNF2DWV0OQ6317D5R1JRK TUAR8DT0WUITFXEVH5DS234GJS6HF6YUVO14YW1I4AUXIU0C3MP78C3E250LW8CIQG');

insert into PERSON_IDENTIFICATION (ID_PERSON_IDENTIFICATION, ID_IDENTIFICATION_TYPE, "NUMBER_ID", FRONT_IMG, REAR_IMG) values (14, 4, 3128231193, 'TDFCDW6U00XFKRVYG389F0ERQQSCWYLP5UG0K56ES8SQUBIP17NWRJPJNXCVMSIM3E223KFBYYJGQ9303LC 92LCLI0AHQCJ9D17QQJWEBP6NEJ CODA6ECMSAUFU78 0JVPDM8COYU6WSVFVU51GBO2 Q31KCVINW6N0U2QQ SS7EF4F 88BNN3JMNEWLHYANN3EO259M4U39N1GD5E7HEUSC H6KBVTK799LSNIMI5UR9BHF K3XLFTV8HRIO', '5TMTAF G9V10NKGWSU8NAAPAFN3I1BWSKO99PX0Q6AB8P702L4L3UL2Q3UMHC765VY5U XBBICKOT4780EHGTAMXL4J 010SLPDH3ID5DA6HIGQQ3Y42JSTJ9VG6K2QK9K451298 89QV68YXDOYG FXA9HSIUH30JFQLPF6D9LLLF6ERFNSGQ3PRMJTT8T8OAABKVAK3O5HELK9Q6WLOYNTGNIQCOR3H3NK0R2ABA5B HMY2 NL2ELOK3 60I3');

insert into PERSON_IDENTIFICATION (ID_PERSON_IDENTIFICATION, ID_IDENTIFICATION_TYPE, "NUMBER_ID", FRONT_IMG, REAR_IMG) values (11, 4, 3129160226, '7DV 6UGQW0MGY31SDNXBUJE7XKKQ282V3L5V1EALV MYD0 IOUK3JGG HE1VTK659QQGC9PE4BGDM7WAVO PI97B35EA4BILLFT0A8SPATOM2LXMPH09ERUBJ4M9BLS1DQQLWO3CBUSR QKVD07TYNP8B9FE0KXL0V4OB 4GGNI1VOJRJFMRT7SV8J86VJK8EY88WQKO0W7H7FABJOTQLD7 G 1TIM90WT6L36BBOOAKOAD3E5UMNMX774GESJ8', 'JWSDNF2GAXDTPQGVIR2G5TYPYULPE2U73NKP9FOIJ8FJAV3R3KP0U9UBGJN0DX S68S9WV51SPJ5T2XKOEOFX6 9X643GHL EAXJP23WPNNWFTI1X38BT4S8RWJWO8  V7PUYDU74GKCBLL64XCF8 2NMQEO619V7CMG4UPV2PYX11DPBJDXOQGRMHWLD29MOXN1M1839NUEM7W2WQU3YGDGDTO5VN97S5Q8NUGIKC4X3 BVX0S0BVUXQ3EPH7Y');

insert into PERSON_IDENTIFICATION (ID_PERSON_IDENTIFICATION, ID_IDENTIFICATION_TYPE, "NUMBER_ID", FRONT_IMG, REAR_IMG) values (16, 17, 3133273991, 'CVH9OHUAPSV27TJKU6NGODSJ4AG1989GI9FAEB7ATR4JXYY15GEXXY71FPT6D20IYIKOIQ891BCJ5T56VCT17JG9MADR3F2AY M5U5RV5AAF6GAT6A9Q90Y6OK1TU8Y0J6Y04VNQJUKRE9 CAPPXNNPFYIQALP3EEP55SHKTIJP8OLX71HG8ALE61R9QMU RM70OJ6DDVWEVLAS4YP0VVJ8P8NJV9BLFWJ 0RVCAU99O88613JOM10WBO98 P09', '1BOL2686U047R0S 8YX6IH9 TMJSCUE82KHMJCPBQ4N8WHA4QSI7ANW93 DCDE335 IJCXFQX2TXCOEGD E80VLPGLPLCP3IFQTC91VKYDG66QM4MEHVUCIR5W7PB4ILKRMISRPI6GG34G8JWDABVBO07YLBKDAFDS7689AA6EVUPF30LKG416TN1VMNWKYIQYQEXF111SUJ3D4RJAEV X8JSDIW9YMRKQJC9YEWKK6U0Y1KUJ6NGP6YWMCKIWI');

insert into PERSON_IDENTIFICATION (ID_PERSON_IDENTIFICATION, ID_IDENTIFICATION_TYPE, "NUMBER_ID", FRONT_IMG, REAR_IMG) values (2, 11, 3123515345, 'PVUCJFMA48K8SW5Q9NPXJI518FR0WVYX5FK4EUYGJWWHCMMHP8OFNPCO5D6UCT9WJ1FL6M7AWF00N9D5NIM7SUC3JT 7VEDB2OKHX 5CTSBJ4DH1 0KR6BMERGQDSTL967C0YO CI8K3F3 JJI MYWXHUIM 0MKMG38M1EEEDGRPCI8E4AIL4UE062UEYNN1O6FQLOO IN8X 5D5LR26KPCYDW3R 5QAWR5TI0U59AOFEFL7WSGYYPOWUSCIA34', '3QQJ5MTCAC9 88762XD8GHYSMREAGXLM1SV30RVEB6KWS82089IGXS95RGHVLL2643B1F7IY14AP922LCVQJHPRK5OW L38STDX5OAL6BBDB3AFA38BOV8BJ6DBUI7QSTBOT4JYGIE14 CNIVD2MTI604GB873MEJ3YG6N24ATTBVR3HXU3W5WWQPMAX2ACDI582HTCRC4E28F8XMBYF6OPGATEA4Q8MF4W1615SHBB8OXPK H4DD1LYL1GW0B0');

insert into PERSON_IDENTIFICATION (ID_PERSON_IDENTIFICATION, ID_IDENTIFICATION_TYPE, "NUMBER_ID", FRONT_IMG, REAR_IMG) values (19, 5, 3124779080, 'YDNRU2DCQPXUJ9AUVDYQSG9 SJG7112YXA5W 6GNSARQHO3OHTGO9NV SPRI7KC0BKUGTK68X9H3FYVS63OJ0EU73BIH6DX7 NT8X59OTPG A4OPFWO40RGM2VOHIRKCV336 KS0GI7HK1E72P OU0E0WAPPMR9SES75042XICK1QS3XSH7P6HSRY4XME35B2SRQ5OY6HJQXIPQ3BIA1AFWV4XXRTL2JWIWFYSUJCUNMP9BG266HEH4DDCPGYBK', '8RLA5QT5H2M13X4ANV16903B9A2XHUE9B1M1QVGSLLQQ4AO5UVRWF 7MXD59MRJAP7LYGWTDFA5 JGOUPU8L5IRK6AH3U8I3TUF4DRPGJOO6 9YXSQEE2 DUEWOF7GRYJ56 638YCRCPSROC RPT7 QNJBV 1QBA4E35BXJHHT74VMFGBPCJWOQC6UJVHDRTJIA1Y13760ANQRA8FFW V6OGR4LIFWTFS6JH6GN3JSDPU7X9YFY6I0T R5EF0TJ');

insert into PERSON_IDENTIFICATION (ID_PERSON_IDENTIFICATION, ID_IDENTIFICATION_TYPE, "NUMBER_ID", FRONT_IMG, REAR_IMG) values (12, 3, 3137367135, 'VUU6X33S6B91AGBWILH0K8 BP6DXO5TNK0V7S3NV 6YSI68S1QS4BKJNMD85GBRPONRR97GIEPM ORIUW76HQAIIDFLSP 8 LP DA6X8YMLLRXLS7BRAM223R2J9N Q7A7GUCCNDBP2DL6E83K UPPKFXVB06J30A0TX3LR4GR2F89321WFLOU0D0V BTJ9NEQ8PXBJP2RIE OUB5YT4Q901H76SFTFPFLF20PDST0FFNTW711GHCMCD23 EK H', '73KJ6F0U75U DJC651NST6LLCYX6BBI7QCRQUVKVIL0BY7GX1BY MC NIFYBV4U0O87JDU JL9I56EDBYYM8J8R8PPJFS3G 6D2ED 6BY0P8QPK0FV5MOOW2UGVKLJPPWHNRGC2WUPK2Q391KPWF9Y338AW 1205ADHL73WK5FL0JW6080CE6XL7F31CUE4O7AX93PQI1EU 1LW49UDOU69UAG0RQ70CAYV19LDC HF8EDTH2EHK67XD7 DD8M4');

insert into PRODUCT (ID_PRODUCT, ID_TYPE_PRODUCT, ID_CATEGORY, NAME, DESCRIPTION) values (4, 16, 3, 'Arrowroot', 'F CSBUSB1V5397VL9TNDEL9F4G 08AW9NME E7SINN5NJ');

insert into PRODUCT (ID_PRODUCT, ID_TYPE_PRODUCT, ID_CATEGORY, NAME, DESCRIPTION) values (15, 14, 7, 'Tofu - Soft', 'N 18 AY3G9SE2US7WGH9VXGWPMR7THGMI5T51XXPLD3TU');

insert into PRODUCT (ID_PRODUCT, ID_TYPE_PRODUCT, ID_CATEGORY, NAME, DESCRIPTION) values (19, 3, 4, 'Berry Brulee', 'V92UR2G192VFEMUUM47SY7HOCQ1NO6YMV UVQFSRTYITS');

insert into PRODUCT (ID_PRODUCT, ID_TYPE_PRODUCT, ID_CATEGORY, NAME, DESCRIPTION) values (3, 0, 13, 'Watercress', '3O7NC1D1NTKWMWKCOSB3H6W3JRX QARD1SSN9UQX5N5W5');

insert into PRODUCT (ID_PRODUCT, ID_TYPE_PRODUCT, ID_CATEGORY, NAME, DESCRIPTION) values (9, 7, 11, 'Arrowroot', 'GR3WQ2CEAGF9SA46DI431 KJB3O04D44XGLSSNMBUYXN9');

insert into PRODUCT (ID_PRODUCT, ID_TYPE_PRODUCT, ID_CATEGORY, NAME, DESCRIPTION) values (5, 5, 10, 'Tofu - Soft', 'FPV A5QK26VH4H9SR4H1G9TALYQKNP6D6688VTE2RXF1X');

insert into PRODUCT (ID_PRODUCT, ID_TYPE_PRODUCT, ID_CATEGORY, NAME, DESCRIPTION) values (16, 13, 7, 'Berry Brulee', 'J3JB9V4FRPJWDWYV6Q3XQ0VTX3KV4NOXLIM8168J 1 X9');

insert into PRODUCT (ID_PRODUCT, ID_TYPE_PRODUCT, ID_CATEGORY, NAME, DESCRIPTION) values (6, 9, 5, 'Watercress', 'DKO3C631C1SQ89JMHAQR7E4AGMPQHENYQBT1X24I5Q2TE');

insert into PRODUCT (ID_PRODUCT, ID_TYPE_PRODUCT, ID_CATEGORY, NAME, DESCRIPTION) values (18, 1, 1, 'Arrowroot', 'RQ4KXV38CLWM3C4E3N05O31LW MFOHUQIBJYHKHW1I98E');

insert into PRODUCT (ID_PRODUCT, ID_TYPE_PRODUCT, ID_CATEGORY, NAME, DESCRIPTION) values (14, 10, 6, 'Tofu - Soft', '9T82JEVTW85HIW3G8WRBDQ80256296A6KUB59 37KRG7S');

insert into PRODUCT (ID_PRODUCT, ID_TYPE_PRODUCT, ID_CATEGORY, NAME, DESCRIPTION) values (17, 13, 12, 'Berry Brulee', 'RY82UX1SP7RV6TW5XQUA5F5Y4C0IBP K4NN42OXJM0XX2');

insert into PRODUCT (ID_PRODUCT, ID_TYPE_PRODUCT, ID_CATEGORY, NAME, DESCRIPTION) values (0, 1, 0, 'Watercress', '3J2BE78T57NTCQ723VGRB3 KXIPJT 09Y7 SKSDCLDFD3');

insert into PRODUCT (ID_PRODUCT, ID_TYPE_PRODUCT, ID_CATEGORY, NAME, DESCRIPTION) values (11, 10, 7, 'Arrowroot', 'UHBLO9NBGVN1EXBEN7PIH89HUPFIHIYNCSA6H17BLSQ9E');

insert into PRODUCT (ID_PRODUCT, ID_TYPE_PRODUCT, ID_CATEGORY, NAME, DESCRIPTION) values (13, 11, 11, 'Tofu - Soft', '16VLG 14BO2NN0LYKT70XW7IPSN6C66SH534LEGJGFIO8');

insert into PRODUCT (ID_PRODUCT, ID_TYPE_PRODUCT, ID_CATEGORY, NAME, DESCRIPTION) values (12, 0, 3, 'Berry Brulee', '1 NREVBXR926MSEW5TO3MKR9YGR3PYY3O6WELC8SLUFXU');

insert into PRODUCT (ID_PRODUCT, ID_TYPE_PRODUCT, ID_CATEGORY, NAME, DESCRIPTION) values (2, 4, 1, 'Watercress', 'O8TRA68V1Y99W76WJR W5JG214PT5SORR3W AIQYFC CI');

insert into PRODUCT (ID_PRODUCT, ID_TYPE_PRODUCT, ID_CATEGORY, NAME, DESCRIPTION) values (7, 14, 4, 'Arrowroot', 'RB3SE0P4OVYNYLC0S5JNT878FJ2RP60Q240IUKLA16BOG');

insert into PRODUCT (ID_PRODUCT, ID_TYPE_PRODUCT, ID_CATEGORY, NAME, DESCRIPTION) values (10, 7, 15, 'Tofu - Soft', 'GIOUHPS8S5K3006T9GILQS48S2PWHU9AF0GY6CY302RVD');

insert into PRODUCT (ID_PRODUCT, ID_TYPE_PRODUCT, ID_CATEGORY, NAME, DESCRIPTION) values (8, 13, 11, 'Berry Brulee', 'IMAPNLFJJUBKFHB2GLHPOVQABF224OF06GR3YH4M0OJ I');

insert into PRODUCT (ID_PRODUCT, ID_TYPE_PRODUCT, ID_CATEGORY, NAME, DESCRIPTION) values (1, 7, 5, 'Watercress', '8OVFXT54BNHN5HOC1UUD23Q8YXDWBM7KJVF3KECAAMD7V');

insert into PERSON_CLIENT (ID_PERSON_CLIENT, ID_PERSON_IDENTIFICATION, NAME, LAST_NAME, BIRTHDATE) values (0, 12, 'Peder', 'Willshee', '25-JAN-2023');

insert into PERSON_CLIENT (ID_PERSON_CLIENT, ID_PERSON_IDENTIFICATION, NAME, LAST_NAME, BIRTHDATE) values (7, 5, 'Randie', 'Willshee', '25-FEB-2023');

insert into PERSON_CLIENT (ID_PERSON_CLIENT, ID_PERSON_IDENTIFICATION, NAME, LAST_NAME, BIRTHDATE) values (9, 14, 'Celestyna', 'Willshee', '05-JAN-2017');

insert into PERSON_CLIENT (ID_PERSON_CLIENT, ID_PERSON_IDENTIFICATION, NAME, LAST_NAME, BIRTHDATE) values (14, 16, 'Kassi', 'Willshee', '06-NOV-2018');

insert into PERSON_CLIENT (ID_PERSON_CLIENT, ID_PERSON_IDENTIFICATION, NAME, LAST_NAME, BIRTHDATE) values (19, 19, 'Tobey', '', '25-JAN-2023');

insert into PERSON_CLIENT (ID_PERSON_CLIENT, ID_PERSON_IDENTIFICATION, NAME, LAST_NAME, BIRTHDATE) values (12, 18, 'Jakie', 'Pebworth', '25-FEB-2023');

insert into PERSON_CLIENT (ID_PERSON_CLIENT, ID_PERSON_IDENTIFICATION, NAME, LAST_NAME, BIRTHDATE) values (13, 8, 'Peder', 'Bolton', '05-JAN-2017');

insert into PERSON_CLIENT (ID_PERSON_CLIENT, ID_PERSON_IDENTIFICATION, NAME, LAST_NAME, BIRTHDATE) values (17, 8, 'Randie', 'Grestie', '06-NOV-2018');

insert into PERSON_CLIENT (ID_PERSON_CLIENT, ID_PERSON_IDENTIFICATION, NAME, LAST_NAME, BIRTHDATE) values (11, 7, 'Celestyna', 'Willshee', '25-JAN-2023');

insert into PERSON_CLIENT (ID_PERSON_CLIENT, ID_PERSON_IDENTIFICATION, NAME, LAST_NAME, BIRTHDATE) values (16, 0, 'Kassi', 'Willshee', '25-FEB-2023');

insert into PERSON_CLIENT (ID_PERSON_CLIENT, ID_PERSON_IDENTIFICATION, NAME, LAST_NAME, BIRTHDATE) values (6, 19, 'Tobey', 'Willshee', '05-JAN-2017');

insert into PERSON_CLIENT (ID_PERSON_CLIENT, ID_PERSON_IDENTIFICATION, NAME, LAST_NAME, BIRTHDATE) values (8, 19, 'Jakie', 'Willshee', '06-NOV-2018');

insert into PERSON_CLIENT (ID_PERSON_CLIENT, ID_PERSON_IDENTIFICATION, NAME, LAST_NAME, BIRTHDATE) values (15, 8, 'Peder', '', '25-JAN-2023');

insert into PERSON_CLIENT (ID_PERSON_CLIENT, ID_PERSON_IDENTIFICATION, NAME, LAST_NAME, BIRTHDATE) values (1, 8, 'Randie', 'Pebworth', '25-FEB-2023');

insert into PERSON_CLIENT (ID_PERSON_CLIENT, ID_PERSON_IDENTIFICATION, NAME, LAST_NAME, BIRTHDATE) values (4, 1, 'Celestyna', 'Bolton', '05-JAN-2017');

insert into PERSON_CLIENT (ID_PERSON_CLIENT, ID_PERSON_IDENTIFICATION, NAME, LAST_NAME, BIRTHDATE) values (3, 18, 'Kassi', 'Grestie', '06-NOV-2018');

insert into PERSON_CLIENT (ID_PERSON_CLIENT, ID_PERSON_IDENTIFICATION, NAME, LAST_NAME, BIRTHDATE) values (2, 4, 'Tobey', 'Willshee', '25-JAN-2023');

insert into PERSON_CLIENT (ID_PERSON_CLIENT, ID_PERSON_IDENTIFICATION, NAME, LAST_NAME, BIRTHDATE) values (10, 16, 'Jakie', 'Willshee', '25-FEB-2023');

insert into PERSON_CLIENT (ID_PERSON_CLIENT, ID_PERSON_IDENTIFICATION, NAME, LAST_NAME, BIRTHDATE) values (5, 6, 'Peder', 'Willshee', '05-JAN-2017');

insert into PERSON_CLIENT (ID_PERSON_CLIENT, ID_PERSON_IDENTIFICATION, NAME, LAST_NAME, BIRTHDATE) values (18, 3, 'Randie', 'Willshee', '06-NOV-2018');

insert into PHONE_NUMBER (ID_PHONE_NUMBER, ID_PERSON_CLIENT) values (0, 6);

insert into PHONE_NUMBER (ID_PHONE_NUMBER, ID_PERSON_CLIENT) values (16, 14);

insert into PHONE_NUMBER (ID_PHONE_NUMBER, ID_PERSON_CLIENT) values (8, 8);

insert into PHONE_NUMBER (ID_PHONE_NUMBER, ID_PERSON_CLIENT) values (10, 11);

insert into PHONE_NUMBER (ID_PHONE_NUMBER, ID_PERSON_CLIENT) values (5, 1);

insert into PHONE_NUMBER (ID_PHONE_NUMBER, ID_PERSON_CLIENT) values (12, 10);

insert into PHONE_NUMBER (ID_PHONE_NUMBER, ID_PERSON_CLIENT) values (18, 11);

insert into PHONE_NUMBER (ID_PHONE_NUMBER, ID_PERSON_CLIENT) values (11, 4);

insert into PHONE_NUMBER (ID_PHONE_NUMBER, ID_PERSON_CLIENT) values (6, 12);

insert into PHONE_NUMBER (ID_PHONE_NUMBER, ID_PERSON_CLIENT) values (14, 3);

insert into PHONE_NUMBER (ID_PHONE_NUMBER, ID_PERSON_CLIENT) values (13, 3);

insert into PHONE_NUMBER (ID_PHONE_NUMBER, ID_PERSON_CLIENT) values (3, 1);

insert into PHONE_NUMBER (ID_PHONE_NUMBER, ID_PERSON_CLIENT) values (7, 8);

insert into PHONE_NUMBER (ID_PHONE_NUMBER, ID_PERSON_CLIENT) values (2, 16);

insert into PHONE_NUMBER (ID_PHONE_NUMBER, ID_PERSON_CLIENT) values (19, 0);

insert into PHONE_NUMBER (ID_PHONE_NUMBER, ID_PERSON_CLIENT) values (4, 0);

insert into PHONE_NUMBER (ID_PHONE_NUMBER, ID_PERSON_CLIENT) values (17, 9);

insert into PHONE_NUMBER (ID_PHONE_NUMBER, ID_PERSON_CLIENT) values (1, 19);

insert into PHONE_NUMBER (ID_PHONE_NUMBER, ID_PERSON_CLIENT) values (15, 16);

insert into PHONE_NUMBER (ID_PHONE_NUMBER, ID_PERSON_CLIENT) values (9, 17);

insert into ADDRESSE (ID_ADDRESS, ID_PERSON_CLIENT, ADDRESS) values (19, 4, 'carr 234 cll24');

insert into ADDRESSE (ID_ADDRESS, ID_PERSON_CLIENT, ADDRESS) values (15, 9, 'ave 23 24');

insert into ADDRESSE (ID_ADDRESS, ID_PERSON_CLIENT, ADDRESS) values (9, 3, 'carrera 1b 234');

insert into ADDRESSE (ID_ADDRESS, ID_PERSON_CLIENT, ADDRESS) values (17, 0, 'ave 34');

insert into ADDRESSE (ID_ADDRESS, ID_PERSON_CLIENT, ADDRESS) values (8, 5, 'carr 234 cll24');

insert into ADDRESSE (ID_ADDRESS, ID_PERSON_CLIENT, ADDRESS) values (12, 5, 'ave 23 24');

insert into ADDRESSE (ID_ADDRESS, ID_PERSON_CLIENT, ADDRESS) values (2, 9, 'carrera 1b 234');

insert into ADDRESSE (ID_ADDRESS, ID_PERSON_CLIENT, ADDRESS) values (10, 14, 'ave 34');

insert into ADDRESSE (ID_ADDRESS, ID_PERSON_CLIENT, ADDRESS) values (3, 14, 'carr 234 cll24');

insert into ADDRESSE (ID_ADDRESS, ID_PERSON_CLIENT, ADDRESS) values (1, 16, 'ave 23 24');

insert into ADDRESSE (ID_ADDRESS, ID_PERSON_CLIENT, ADDRESS) values (11, 5, 'carrera 1b 234');

insert into ADDRESSE (ID_ADDRESS, ID_PERSON_CLIENT, ADDRESS) values (16, 4, 'ave 34');

insert into ADDRESSE (ID_ADDRESS, ID_PERSON_CLIENT, ADDRESS) values (6, 10, 'carr 234 cll24');

insert into ADDRESSE (ID_ADDRESS, ID_PERSON_CLIENT, ADDRESS) values (7, 5, 'ave 23 24');

insert into ADDRESSE (ID_ADDRESS, ID_PERSON_CLIENT, ADDRESS) values (14, 1, 'carrera 1b 234');

insert into ADDRESSE (ID_ADDRESS, ID_PERSON_CLIENT, ADDRESS) values (18, 11, 'ave 34');

insert into ADDRESSE (ID_ADDRESS, ID_PERSON_CLIENT, ADDRESS) values (13, 19, 'carr 234 cll24');

insert into ADDRESSE (ID_ADDRESS, ID_PERSON_CLIENT, ADDRESS) values (5, 7, 'ave 23 24');

insert into ADDRESSE (ID_ADDRESS, ID_PERSON_CLIENT, ADDRESS) values (4, 17, 'carrera 1b 234');

insert into ADDRESSE (ID_ADDRESS, ID_PERSON_CLIENT, ADDRESS) values (0, 13, 'ave 34');

insert into EMAIL (ID_EMAIL, ID_PERSON_CLIENT, EMAIL) values (2, 12, 'juanes@gmail.com');

insert into EMAIL (ID_EMAIL, ID_PERSON_CLIENT, EMAIL) values (7, 3, 'juanmanuel@gmail.com');

insert into EMAIL (ID_EMAIL, ID_PERSON_CLIENT, EMAIL) values (15, 19, 'juansebastian@gmail.com');

insert into EMAIL (ID_EMAIL, ID_PERSON_CLIENT, EMAIL) values (0, 12, 'adriana@gmail.com');

insert into EMAIL (ID_EMAIL, ID_PERSON_CLIENT, EMAIL) values (14, 7, 'masterkiller@gmail.com');

insert into EMAIL (ID_EMAIL, ID_PERSON_CLIENT, EMAIL) values (3, 15, 'juanes@gmail.com');

insert into EMAIL (ID_EMAIL, ID_PERSON_CLIENT, EMAIL) values (13, 2, 'juanmanuel@gmail.com');

insert into EMAIL (ID_EMAIL, ID_PERSON_CLIENT, EMAIL) values (8, 9, 'juansebastian@gmail.com');

insert into EMAIL (ID_EMAIL, ID_PERSON_CLIENT, EMAIL) values (19, 10, 'adriana@gmail.com');

insert into EMAIL (ID_EMAIL, ID_PERSON_CLIENT, EMAIL) values (4, 3, 'masterkiller@gmail.com');

insert into EMAIL (ID_EMAIL, ID_PERSON_CLIENT, EMAIL) values (11, 3, 'juanes@gmail.com');

insert into EMAIL (ID_EMAIL, ID_PERSON_CLIENT, EMAIL) values (12, 13, 'juanmanuel@gmail.com');

insert into EMAIL (ID_EMAIL, ID_PERSON_CLIENT, EMAIL) values (6, 10, 'juansebastian@gmail.com');

insert into EMAIL (ID_EMAIL, ID_PERSON_CLIENT, EMAIL) values (17, 14, 'adriana@gmail.com');

insert into EMAIL (ID_EMAIL, ID_PERSON_CLIENT, EMAIL) values (16, 16, 'masterkiller@gmail.com');

insert into EMAIL (ID_EMAIL, ID_PERSON_CLIENT, EMAIL) values (9, 13, 'juanes@gmail.com');

insert into EMAIL (ID_EMAIL, ID_PERSON_CLIENT, EMAIL) values (18, 9, 'juanmanuel@gmail.com');

insert into EMAIL (ID_EMAIL, ID_PERSON_CLIENT, EMAIL) values (1, 12, 'juansebastian@gmail.com');

insert into EMAIL (ID_EMAIL, ID_PERSON_CLIENT, EMAIL) values (5, 17, 'adriana@gmail.com');

insert into EMAIL (ID_EMAIL, ID_PERSON_CLIENT, EMAIL) values (10, 10, 'masterkiller@gmail.com');

insert into DEPARTMENT (ID_DEPARTMENT, ID_COUNTRY, NAME) values (10, 7, 'Cauca');

insert into DEPARTMENT (ID_DEPARTMENT, ID_COUNTRY, NAME) values (8, 12, 'Cundinamarca');

insert into DEPARTMENT (ID_DEPARTMENT, ID_COUNTRY, NAME) values (4, 17, 'Antioquia');

insert into DEPARTMENT (ID_DEPARTMENT, ID_COUNTRY, NAME) values (6, 19, 'Valle');

insert into DEPARTMENT (ID_DEPARTMENT, ID_COUNTRY, NAME) values (14, 6, 'Cauca');

insert into DEPARTMENT (ID_DEPARTMENT, ID_COUNTRY, NAME) values (13, 19, 'Cundinamarca');

insert into DEPARTMENT (ID_DEPARTMENT, ID_COUNTRY, NAME) values (7, 2, 'Antioquia');

insert into DEPARTMENT (ID_DEPARTMENT, ID_COUNTRY, NAME) values (9, 2, 'Valle');

insert into DEPARTMENT (ID_DEPARTMENT, ID_COUNTRY, NAME) values (5, 8, 'Cauca');

insert into DEPARTMENT (ID_DEPARTMENT, ID_COUNTRY, NAME) values (16, 19, 'Cundinamarca');

insert into DEPARTMENT (ID_DEPARTMENT, ID_COUNTRY, NAME) values (1, 14, 'Antioquia');

insert into DEPARTMENT (ID_DEPARTMENT, ID_COUNTRY, NAME) values (12, 17, 'Valle');

insert into DEPARTMENT (ID_DEPARTMENT, ID_COUNTRY, NAME) values (17, 7, 'Cauca');

insert into DEPARTMENT (ID_DEPARTMENT, ID_COUNTRY, NAME) values (19, 10, 'Cundinamarca');

insert into DEPARTMENT (ID_DEPARTMENT, ID_COUNTRY, NAME) values (0, 3, 'Antioquia');

insert into DEPARTMENT (ID_DEPARTMENT, ID_COUNTRY, NAME) values (3, 7, 'Valle');

insert into DEPARTMENT (ID_DEPARTMENT, ID_COUNTRY, NAME) values (18, 9, 'Cauca');

insert into DEPARTMENT (ID_DEPARTMENT, ID_COUNTRY, NAME) values (15, 6, 'Cundinamarca');

insert into DEPARTMENT (ID_DEPARTMENT, ID_COUNTRY, NAME) values (2, 13, 'Antioquia');

insert into DEPARTMENT (ID_DEPARTMENT, ID_COUNTRY, NAME) values (11, 11, 'Valle');

insert into CITY (ID_CITY, ID_DEPARTMENT, NAME) values (7, 7, 'Bogota');

insert into CITY (ID_CITY, ID_DEPARTMENT, NAME) values (8, 15, 'Medellin');

insert into CITY (ID_CITY, ID_DEPARTMENT, NAME) values (2, 16, 'Cali');

insert into CITY (ID_CITY, ID_DEPARTMENT, NAME) values (17, 4, 'Bogota');

insert into CITY (ID_CITY, ID_DEPARTMENT, NAME) values (19, 15, 'Medellin');

insert into CITY (ID_CITY, ID_DEPARTMENT, NAME) values (9, 16, 'Cali');

insert into CITY (ID_CITY, ID_DEPARTMENT, NAME) values (4, 2, 'Bogota');

insert into CITY (ID_CITY, ID_DEPARTMENT, NAME) values (1, 13, 'Medellin');

insert into CITY (ID_CITY, ID_DEPARTMENT, NAME) values (16, 5, 'Cali');

insert into CITY (ID_CITY, ID_DEPARTMENT, NAME) values (5, 8, 'Bogota');

insert into CITY (ID_CITY, ID_DEPARTMENT, NAME) values (10, 7, 'Medellin');

insert into CITY (ID_CITY, ID_DEPARTMENT, NAME) values (18, 19, 'Cali');

insert into CITY (ID_CITY, ID_DEPARTMENT, NAME) values (3, 3, 'Bogota');

insert into CITY (ID_CITY, ID_DEPARTMENT, NAME) values (6, 8, 'Medellin');

insert into CITY (ID_CITY, ID_DEPARTMENT, NAME) values (11, 1, 'Cali');

insert into CITY (ID_CITY, ID_DEPARTMENT, NAME) values (14, 17, 'Bogota');

insert into CITY (ID_CITY, ID_DEPARTMENT, NAME) values (12, 18, 'Medellin');

insert into CITY (ID_CITY, ID_DEPARTMENT, NAME) values (15, 5, 'Cali');

insert into CITY (ID_CITY, ID_DEPARTMENT, NAME) values (0, 1, 'Bogota');

insert into CITY (ID_CITY, ID_DEPARTMENT, NAME) values (13, 10, 'Medellin');

insert into PERSON_COLABORATOR (ID_PERSON_COLABORATOR, ID_PERSON_IDENTIFICATION, ID_DRIVER_LICENSE, NAME, SEX, CITY_OF_BIRTH, LAST_NAME, BLOOD_TYPE, HEIGTH, BIRTHDAY) values (7, 18, 5, 'Tobey', 'Male', 'Cali', 'Willshee', 'O-', 137, '06-NOV-2018');

insert into PERSON_COLABORATOR (ID_PERSON_COLABORATOR, ID_PERSON_IDENTIFICATION, ID_DRIVER_LICENSE, NAME, SEX, CITY_OF_BIRTH, LAST_NAME, BLOOD_TYPE, HEIGTH, BIRTHDAY) values (4, 5, 8, 'Jakie', 'Female', 'Bogota', 'Willshee', 'O+', 208, '25-JAN-2023');

insert into PERSON_COLABORATOR (ID_PERSON_COLABORATOR, ID_PERSON_IDENTIFICATION, ID_DRIVER_LICENSE, NAME, SEX, CITY_OF_BIRTH, LAST_NAME, BLOOD_TYPE, HEIGTH, BIRTHDAY) values (14, 9, 13, 'Peder', 'Male', 'Medellin', 'Willshee', 'O-', 189, '25-FEB-2023');

insert into PERSON_COLABORATOR (ID_PERSON_COLABORATOR, ID_PERSON_IDENTIFICATION, ID_DRIVER_LICENSE, NAME, SEX, CITY_OF_BIRTH, LAST_NAME, BLOOD_TYPE, HEIGTH, BIRTHDAY) values (15, 6, 2, 'Randie', 'Female', 'Cali', 'Willshee', 'O+', 17, '05-JAN-2017');

insert into PERSON_COLABORATOR (ID_PERSON_COLABORATOR, ID_PERSON_IDENTIFICATION, ID_DRIVER_LICENSE, NAME, SEX, CITY_OF_BIRTH, LAST_NAME, BLOOD_TYPE, HEIGTH, BIRTHDAY) values (11, 3, 6, 'Celestyna', 'Male', 'Bogota', '', 'O-', 110, '06-NOV-2018');

insert into PERSON_COLABORATOR (ID_PERSON_COLABORATOR, ID_PERSON_IDENTIFICATION, ID_DRIVER_LICENSE, NAME, SEX, CITY_OF_BIRTH, LAST_NAME, BLOOD_TYPE, HEIGTH, BIRTHDAY) values (12, 16, 1, 'Kassi', 'Female', 'Medellin', 'Pebworth', 'O+', 198, '25-JAN-2023');

insert into PERSON_COLABORATOR (ID_PERSON_COLABORATOR, ID_PERSON_IDENTIFICATION, ID_DRIVER_LICENSE, NAME, SEX, CITY_OF_BIRTH, LAST_NAME, BLOOD_TYPE, HEIGTH, BIRTHDAY) values (10, 0, 14, 'Tobey', 'Male', 'Cali', 'Bolton', 'O-', 42, '25-FEB-2023');

insert into PERSON_COLABORATOR (ID_PERSON_COLABORATOR, ID_PERSON_IDENTIFICATION, ID_DRIVER_LICENSE, NAME, SEX, CITY_OF_BIRTH, LAST_NAME, BLOOD_TYPE, HEIGTH, BIRTHDAY) values (6, 2, 16, 'Jakie', 'Female', 'Bogota', 'Grestie', 'O+', 63, '05-JAN-2017');

insert into PERSON_COLABORATOR (ID_PERSON_COLABORATOR, ID_PERSON_IDENTIFICATION, ID_DRIVER_LICENSE, NAME, SEX, CITY_OF_BIRTH, LAST_NAME, BLOOD_TYPE, HEIGTH, BIRTHDAY) values (5, 3, 6, 'Peder', 'Male', 'Medellin', 'Willshee', 'O-', 78, '06-NOV-2018');

insert into PERSON_COLABORATOR (ID_PERSON_COLABORATOR, ID_PERSON_IDENTIFICATION, ID_DRIVER_LICENSE, NAME, SEX, CITY_OF_BIRTH, LAST_NAME, BLOOD_TYPE, HEIGTH, BIRTHDAY) values (0, 15, 8, 'Randie', 'Female', 'Cali', 'Willshee', 'O+', 98, '25-JAN-2023');

insert into PERSON_COLABORATOR (ID_PERSON_COLABORATOR, ID_PERSON_IDENTIFICATION, ID_DRIVER_LICENSE, NAME, SEX, CITY_OF_BIRTH, LAST_NAME, BLOOD_TYPE, HEIGTH, BIRTHDAY) values (13, 4, 10, 'Celestyna', 'Male', 'Bogota', 'Willshee', 'O-', 180, '25-FEB-2023');

insert into PERSON_COLABORATOR (ID_PERSON_COLABORATOR, ID_PERSON_IDENTIFICATION, ID_DRIVER_LICENSE, NAME, SEX, CITY_OF_BIRTH, LAST_NAME, BLOOD_TYPE, HEIGTH, BIRTHDAY) values (17, 16, 16, 'Kassi', 'Female', 'Medellin', 'Willshee', 'O+', 30, '05-JAN-2017');

insert into PERSON_COLABORATOR (ID_PERSON_COLABORATOR, ID_PERSON_IDENTIFICATION, ID_DRIVER_LICENSE, NAME, SEX, CITY_OF_BIRTH, LAST_NAME, BLOOD_TYPE, HEIGTH, BIRTHDAY) values (2, 7, 7, 'Tobey', 'Male', 'Cali', '', 'O-', 163, '06-NOV-2018');

insert into PERSON_COLABORATOR (ID_PERSON_COLABORATOR, ID_PERSON_IDENTIFICATION, ID_DRIVER_LICENSE, NAME, SEX, CITY_OF_BIRTH, LAST_NAME, BLOOD_TYPE, HEIGTH, BIRTHDAY) values (16, 1, 11, 'Jakie', 'Female', 'Bogota', 'Pebworth', 'O+', 122, '25-JAN-2023');

insert into PERSON_COLABORATOR (ID_PERSON_COLABORATOR, ID_PERSON_IDENTIFICATION, ID_DRIVER_LICENSE, NAME, SEX, CITY_OF_BIRTH, LAST_NAME, BLOOD_TYPE, HEIGTH, BIRTHDAY) values (1, 4, 8, 'Peder', 'Male', 'Medellin', 'Bolton', 'O-', 170, '25-FEB-2023');

insert into PERSON_COLABORATOR (ID_PERSON_COLABORATOR, ID_PERSON_IDENTIFICATION, ID_DRIVER_LICENSE, NAME, SEX, CITY_OF_BIRTH, LAST_NAME, BLOOD_TYPE, HEIGTH, BIRTHDAY) values (19, 4, 12, 'Randie', 'Female', 'Cali', 'Grestie', 'O+', 51, '05-JAN-2017');

insert into PERSON_COLABORATOR (ID_PERSON_COLABORATOR, ID_PERSON_IDENTIFICATION, ID_DRIVER_LICENSE, NAME, SEX, CITY_OF_BIRTH, LAST_NAME, BLOOD_TYPE, HEIGTH, BIRTHDAY) values (9, 14, 7, 'Celestyna', 'Male', 'Bogota', 'Willshee', 'O-', 0, '06-NOV-2018');

insert into PERSON_COLABORATOR (ID_PERSON_COLABORATOR, ID_PERSON_IDENTIFICATION, ID_DRIVER_LICENSE, NAME, SEX, CITY_OF_BIRTH, LAST_NAME, BLOOD_TYPE, HEIGTH, BIRTHDAY) values (8, 15, 16, 'Kassi', 'Female', 'Medellin', 'Willshee', 'O+', 9, '25-JAN-2023');

insert into PERSON_COLABORATOR (ID_PERSON_COLABORATOR, ID_PERSON_IDENTIFICATION, ID_DRIVER_LICENSE, NAME, SEX, CITY_OF_BIRTH, LAST_NAME, BLOOD_TYPE, HEIGTH, BIRTHDAY) values (3, 17, 19, 'Tobey', 'Male', 'Cali', 'Willshee', 'O-', 151, '25-FEB-2023');

insert into PERSON_COLABORATOR (ID_PERSON_COLABORATOR, ID_PERSON_IDENTIFICATION, ID_DRIVER_LICENSE, NAME, SEX, CITY_OF_BIRTH, LAST_NAME, BLOOD_TYPE, HEIGTH, BIRTHDAY) values (18, 8, 6, 'Jakie', 'Female', 'Bogota', 'Willshee', 'O+', 85, '05-JAN-2017');

insert into "USERS" (ID_USERS, ID_PERSON_COLABORATOR, ID_PERSON_CLIENT, ID_USERS_TYPE, ID_ADMINISTRATOR, USERSNAME, PASSWORD) values (10, 4, 13, 14, 8, 'smehew2', 'NLTYJOVFXX L5');

insert into "USERS" (ID_USERS, ID_PERSON_COLABORATOR, ID_PERSON_CLIENT, ID_USERS_TYPE, ID_ADMINISTRATOR, USERSNAME, PASSWORD) values (13, 9, 13, 18, 5, 'rmckinn4', 'YWDKIJG6ASX04');

insert into "USERS" (ID_USERS, ID_PERSON_COLABORATOR, ID_PERSON_CLIENT, ID_USERS_TYPE, ID_ADMINISTRATOR, USERSNAME, PASSWORD) values (4, 14, 8, 16, 7, 'hciubutaro6', 'JK41J3PSI93YI7PJ6EI8G');

insert into "USERS" (ID_USERS, ID_PERSON_COLABORATOR, ID_PERSON_CLIENT, ID_USERS_TYPE, ID_ADMINISTRATOR, USERSNAME, PASSWORD) values (2, 7, 19, 2, 10, 'tclout8', 'MY4CMXI95XO2MYXQGG');

insert into "USERS" (ID_USERS, ID_PERSON_COLABORATOR, ID_PERSON_CLIENT, ID_USERS_TYPE, ID_ADMINISTRATOR, USERSNAME, PASSWORD) values (17, 3, 5, 8, 6, 'gduny0', '2BH8OMRRDNGQNW5WFIN53S');

insert into "USERS" (ID_USERS, ID_PERSON_COLABORATOR, ID_PERSON_CLIENT, ID_USERS_TYPE, ID_ADMINISTRATOR, USERSNAME, PASSWORD) values (7, 17, 3, 5, 10, 'smehew2', 'DASEVO7NIF0L601QF JK2K');

insert into "USERS" (ID_USERS, ID_PERSON_COLABORATOR, ID_PERSON_CLIENT, ID_USERS_TYPE, ID_ADMINISTRATOR, USERSNAME, PASSWORD) values (19, 13, 10, 15, 13, 'rmckinn4', 'IFWHDY99HECR29AF');

insert into "USERS" (ID_USERS, ID_PERSON_COLABORATOR, ID_PERSON_CLIENT, ID_USERS_TYPE, ID_ADMINISTRATOR, USERSNAME, PASSWORD) values (1, 19, 8, 13, 0, 'hciubutaro6', '8DKXFVCGAU99B0');

insert into "USERS" (ID_USERS, ID_PERSON_COLABORATOR, ID_PERSON_CLIENT, ID_USERS_TYPE, ID_ADMINISTRATOR, USERSNAME, PASSWORD) values (9, 7, 0, 1, 4, 'tclout8', 'XF5IN1WNB1H8I33M2NFX6J');

insert into "USERS" (ID_USERS, ID_PERSON_COLABORATOR, ID_PERSON_CLIENT, ID_USERS_TYPE, ID_ADMINISTRATOR, USERSNAME, PASSWORD) values (18, 5, 0, 5, 2, 'gduny0', 'BTETWXD7PKA9H1F3RLJSI');

insert into "USERS" (ID_USERS, ID_PERSON_COLABORATOR, ID_PERSON_CLIENT, ID_USERS_TYPE, ID_ADMINISTRATOR, USERSNAME, PASSWORD) values (16, 16, 19, 18, 13, 'smehew2', 'X5B7A7V9DNKP48803BXC5C');

insert into "USERS" (ID_USERS, ID_PERSON_COLABORATOR, ID_PERSON_CLIENT, ID_USERS_TYPE, ID_ADMINISTRATOR, USERSNAME, PASSWORD) values (5, 5, 15, 1, 4, 'rmckinn4', 'U16JSS0CP47OBPGB1RJULH');

insert into "USERS" (ID_USERS, ID_PERSON_COLABORATOR, ID_PERSON_CLIENT, ID_USERS_TYPE, ID_ADMINISTRATOR, USERSNAME, PASSWORD) values (15, 9, 19, 10, 11, 'hciubutaro6', 'GDS2XOWIJ8EF5');

insert into "USERS" (ID_USERS, ID_PERSON_COLABORATOR, ID_PERSON_CLIENT, ID_USERS_TYPE, ID_ADMINISTRATOR, USERSNAME, PASSWORD) values (11, 3, 5, 2, 9, 'tclout8', 'X4BCAC5XB0233L TJPH62BP');

insert into "USERS" (ID_USERS, ID_PERSON_COLABORATOR, ID_PERSON_CLIENT, ID_USERS_TYPE, ID_ADMINISTRATOR, USERSNAME, PASSWORD) values (8, 7, 11, 19, 3, 'gduny0', 'VE4FTWU3DW620XG');

insert into "USERS" (ID_USERS, ID_PERSON_COLABORATOR, ID_PERSON_CLIENT, ID_USERS_TYPE, ID_ADMINISTRATOR, USERSNAME, PASSWORD) values (12, 19, 0, 5, 3, 'smehew2', 'D ACEE80C2LYCR12BVOBD9O');

insert into "USERS" (ID_USERS, ID_PERSON_COLABORATOR, ID_PERSON_CLIENT, ID_USERS_TYPE, ID_ADMINISTRATOR, USERSNAME, PASSWORD) values (3, 3, 5, 8, 6, 'rmckinn4', 'LLJ8WWWPA8XJDDJO');

insert into "USERS" (ID_USERS, ID_PERSON_COLABORATOR, ID_PERSON_CLIENT, ID_USERS_TYPE, ID_ADMINISTRATOR, USERSNAME, PASSWORD) values (6, 12, 11, 11, 9, 'hciubutaro6', ' QPX003990RKVCQX7566AAU');

insert into "USERS" (ID_USERS, ID_PERSON_COLABORATOR, ID_PERSON_CLIENT, ID_USERS_TYPE, ID_ADMINISTRATOR, USERSNAME, PASSWORD) values (0, 17, 10, 17, 7, 'tclout8', 'FGN90M7FELS1BNSKME5Y');

insert into "USERS" (ID_USERS, ID_PERSON_COLABORATOR, ID_PERSON_CLIENT, ID_USERS_TYPE, ID_ADMINISTRATOR, USERSNAME, PASSWORD) values (14, 8, 13, 2, 11, 'gduny0', 'TYW2CAMBO484FWJR9OHIWH');

insert into GUIA (ID_GUIA, ID_DETAILS, ID_ORIGIN_CITY, ID_DESTINATION_CITY, ID_PRODUCT, ID_RECEIVER, ID_SENDER, GENERATION_DATE, ADITIONAL_DETAILS) values (7, 12, 16, 2, 9, 9, 17, '25-JAN-2023', 'GS5PDI52NO4GL1R4JALREV2W9KX651K7Q RPL5IPHQB78MCKLN TYD0CHS43Y8B27SO0WEQ14U5B0I0OR6QWFIVUT2YSGG8TSJ1V1UV10EVJEFNOAK D6T16Q1JHQXMHTC6UQNAIBCYEAY9WIH5082CFGOTWPI20UEXIWOYHRMMJ9XK8LWUX8ROSG80PJG1PB60A3I5UW5WFACUTUOP45N6SY9G6VOAB1T0SBOC   NL8XSPI6NQUVWV2DSKNEA');

insert into GUIA (ID_GUIA, ID_DETAILS, ID_ORIGIN_CITY, ID_DESTINATION_CITY, ID_PRODUCT, ID_RECEIVER, ID_SENDER, GENERATION_DATE, ADITIONAL_DETAILS) values (2, 4, 1, 19, 10, 0, 0, '25-FEB-2023', 'U33XK56PS1PSYCJNWVMATFRS5 IAEU72JHUVVOGKAVEUM4V05AQ72K3MR6X8W6OFT502098MH7GM B7IUVF08G6HAXKK495MA64R6XQLXDCDBODI7CEHKSVAN3JFOWTU9YI5JIC7   IPG93FW0PGKUHN3UU EXQJ 9VTDNJ5FW91U7M9P0R4FITAFNANPS2RGOK3U5MXD3XXWAMRJS8CQNO74D8O2MPMR9MN L3KFOPMY84PPO T3RCADPYA07');

insert into GUIA (ID_GUIA, ID_DETAILS, ID_ORIGIN_CITY, ID_DESTINATION_CITY, ID_PRODUCT, ID_RECEIVER, ID_SENDER, GENERATION_DATE, ADITIONAL_DETAILS) values (15, 8, 12, 0, 11, 6, 18, '05-JAN-2017', 'SA4I7Y0PC9P0BVXK2 5CU3PB349WSC6W1UVPK3TGU83L403J CJW5UGAPWYET3F90X2C52PM3DMV1FRQV T0FQB87OXMMOQQV84EN6V9 R0GNO3DGSJGEL6WTIA01 LQ3M2I8KQANA0W9 B48XVRJKWGIEPMXF13SQ4Q2WX9DQOML0DTVPC5PSNN7T4PS94WTUY497L2PEM84GF5PT6MIB1EKTEKYSXCP3Q9RBAM7X1TR7W9I3CP1B4I7MMB0IR');

insert into GUIA (ID_GUIA, ID_DETAILS, ID_ORIGIN_CITY, ID_DESTINATION_CITY, ID_PRODUCT, ID_RECEIVER, ID_SENDER, GENERATION_DATE, ADITIONAL_DETAILS) values (0, 3, 9, 9, 3, 19, 1, '06-NOV-2018', 'J079Y09C63XN5BDEYOVUWLRO2GOC21RTVEJA0T K0XNJP9SW3JCDH51SC5SNN42L4O 0YN2OCMCK3MRMI9TR175G00FV752NLLJRV7HEQ63ETABU7TO9P XOU7PQAL4RBCY577L47BLIDHS01V5Q6UVSYLQ56E5FSKC0KH59NR5K9 KM 1XXO7E996YI94N3CNKO479RHBQJBKLPQKKALR871EGG2OUIM52IBEIRYUPGSW 2P 7I0M9DPQFLUNH');

insert into GUIA (ID_GUIA, ID_DETAILS, ID_ORIGIN_CITY, ID_DESTINATION_CITY, ID_PRODUCT, ID_RECEIVER, ID_SENDER, GENERATION_DATE, ADITIONAL_DETAILS) values (1, 13, 18, 9, 2, 18, 8, '25-JAN-2023', 'GS0N3S21RP2UCVQX7VU73TJ5S2R66XJL7VA85ATWF4JTKPT8SMPBG84LTFWG798BUJV0T40WL1MTHSQV140O 3FUI 0CO74EFUY6U1Y2L3H656STFJXDS3MSVXJ9N7RC2W4VIALVTKGG3RA2MU4663XCU85CGIU EKN4KBWXGFRR QF9KW FQSR3 VDYW34D61H8IXK952JYV2TTXBTJM8FUIARUG9KRNM GSAUJA2MY8I2XEN5J669LHLWJQ24');

insert into GUIA (ID_GUIA, ID_DETAILS, ID_ORIGIN_CITY, ID_DESTINATION_CITY, ID_PRODUCT, ID_RECEIVER, ID_SENDER, GENERATION_DATE, ADITIONAL_DETAILS) values (19, 19, 15, 11, 7, 15, 7, '25-FEB-2023', 'X9LTNRCRAN C KMFQM6AD6AJWGNGJ2XSR814BJ144G1UEEGA78S50IX8M4CCOCH1XCXSFT3MK7UEJS7M0A1P5UBCL251G1LH7HC28QC1KEWCDVIS2AV4T6IEDO481JQ QQD6L73LN5LW7GCLQU1AIOXJLP1OCIMPW40NCV1K8IKMR6WRXYDILOSQG3K5W7MG6326JLP6BI1KGJ8BAHFYEVR84T0A26CHO82QJR0YO8WBPQSC5XL1BB594J6XV4H');

insert into GUIA (ID_GUIA, ID_DETAILS, ID_ORIGIN_CITY, ID_DESTINATION_CITY, ID_PRODUCT, ID_RECEIVER, ID_SENDER, GENERATION_DATE, ADITIONAL_DETAILS) values (5, 15, 17, 14, 9, 17, 19, '05-JAN-2017', 'LDN23403BXQKP1WQY0TFO3DP918PFKP7 LK7U0FJRQCNU1290WCY94TW3HKFFCVA5PTYQBKRLMQSSRX0LPH0A586YBO HFIBT13F8QPNS3EP5V0YIMMNIQP4X2SOXL5T68SGTJA87K9HQRQVM0MH656HDGTJY72XHCGFNSWPJ7CHKDN5 LPYRB3E 1RA8FDKRFVE5E0YGLD2Q1E8XLFUDNTV983NX5B55C6DCGYRUEJLD7 V118UPNWW157RMVU');

insert into GUIA (ID_GUIA, ID_DETAILS, ID_ORIGIN_CITY, ID_DESTINATION_CITY, ID_PRODUCT, ID_RECEIVER, ID_SENDER, GENERATION_DATE, ADITIONAL_DETAILS) values (18, 9, 2, 18, 16, 16, 0, '06-NOV-2018', 'VSGOVDU1R TBUTRF1NHHLSTPV6RSOC NG9 B5JD3TVHLQFEKU0XO5T7LLEA8JGJT6HF3780XXAEAAFWDOJBWQCP09UC5BY 5BEAILQBXI 1ELUN2YSMAMEO486U0W 5B67YL8FYCCWHH9EH4 T41JSL YTI7QFGS0XDT6IFSGSM FXVXNUWDGCDGSHXEWXYL6CWMJKYEH JABM00VWPVXE1M4Y5QWM1VVAFTQ511GTY8WB MNWFSWNDOLBF OTC');

insert into GUIA (ID_GUIA, ID_DETAILS, ID_ORIGIN_CITY, ID_DESTINATION_CITY, ID_PRODUCT, ID_RECEIVER, ID_SENDER, GENERATION_DATE, ADITIONAL_DETAILS) values (12, 7, 3, 2, 18, 15, 2, '25-JAN-2023', '1T2OM8RLK3BOFMXYFEOU1CAIPYY8O6I 808AF8L0I4D3HTSFY62IU8MEADD6X27FM 1W7B3 QDU1VYCCX14K1L22JYDQXQK6HRQMOMLU1L2AW05EYYQRRQDV56980P59GHMF5QU1HDXJ3EL75LBNHIEKEWX  DW86J7XPG9LGC0GLFIHCJIY1REJQOSV421FDUP5F0P5DJTEQ3PDM3U1BDCDUUQTPRRVNPP3 14JFSM78QUGLMFX9226AVVXA4Y');

insert into GUIA (ID_GUIA, ID_DETAILS, ID_ORIGIN_CITY, ID_DESTINATION_CITY, ID_PRODUCT, ID_RECEIVER, ID_SENDER, GENERATION_DATE, ADITIONAL_DETAILS) values (11, 6, 4, 9, 5, 3, 3, '25-FEB-2023', 'S5I9GYTBE7N2WMQSLO6LSNPAJY48WDM5KKPWEJO1BDL3J1E8U97F4SOG4I9JK3G2C4TG1JIAT5PVU2XQF0DL92EGGG6S16S L1TWC8 IYE7TPSFNXKDBG602GI1HCAEBDN30 L N37GDWLYT4XD6QSSQ3WNTKRMEQ1AGYM21OY8CMV0 JAPQVJ82VIQ2D89YH8XIL42LA722U39GMIBQHXFN15WKL3ASGGY9TAPKH01PBJNLRWI7Q2RAAJFBDAS');

insert into GUIA (ID_GUIA, ID_DETAILS, ID_ORIGIN_CITY, ID_DESTINATION_CITY, ID_PRODUCT, ID_RECEIVER, ID_SENDER, GENERATION_DATE, ADITIONAL_DETAILS) values (13, 5, 2, 5, 13, 13, 2, '05-JAN-2017', '48FCY5LC0KIS7H1ET5E11REEQR1XWDIJ3LEJMSKOAFCD0NBH1L40M138EP 93AN0W3IG EL4Q9PUYTY A0J3FAHCM OVKWHVR9GNVA5P83XKFE0P6PDJ 7VEFR7UYV61A75EOK15BBT45KRQ0KSBXER5LBWBK8VC7YAYL7AA7SEB82U0 D5O2JEPWEPU9BI4VM0GEX9A9K FHPFOWKC2P QKWKR8OA9D3K5IOE23C161PI0BNGYBBCLLE6 AJIF');

insert into GUIA (ID_GUIA, ID_DETAILS, ID_ORIGIN_CITY, ID_DESTINATION_CITY, ID_PRODUCT, ID_RECEIVER, ID_SENDER, GENERATION_DATE, ADITIONAL_DETAILS) values (16, 4, 4, 4, 18, 0, 17, '06-NOV-2018', '5EVN6I8SNSF3X 8IL63YAMG3NX246G4YXFURE 3PDGSE8086RLHJ4J1KM3VXHQOJOFJC4B G5VT RR38MPBCO4 NPI4FQ2CS9JD7B2IFMQNGK0JUO0O3YF RKC589JA70I H90FB3TM4UEAPNGJACUM6Q3FPXT1JSSGC0VJ2QU3R9SNIWD8G7R6WQLRDOQKJJ99P3PGJDLNLLDV3JPR0JBP4AAFBIG99EBKOO64CBFV3EP7DH2FB1DN XAGCLQG');

insert into GUIA (ID_GUIA, ID_DETAILS, ID_ORIGIN_CITY, ID_DESTINATION_CITY, ID_PRODUCT, ID_RECEIVER, ID_SENDER, GENERATION_DATE, ADITIONAL_DETAILS) values (10, 6, 4, 12, 17, 2, 1, '25-JAN-2023', 'AK5RMHM HP4U1B1L44NI76AF52X12IR4H37L9GCM0LVT8DSFA0IJ20R22QUS3U06T14MX96Q0GL4BHLM6USPFLKUPKRK00LM862X8XJ78F2V RXXA 92APBYVVEK0U BPF3M2XOURRSMM57EELWK144AV8KR8H3DYKT496Y9EE8FX7QTXWTTVXPQ9R1 UJBMFDL7SLY3KKO9XL57BTB2TB61MGN3J8PXX1VDBA6A2LLMCEER55WF7SY37Y3HI3A');

insert into GUIA (ID_GUIA, ID_DETAILS, ID_ORIGIN_CITY, ID_DESTINATION_CITY, ID_PRODUCT, ID_RECEIVER, ID_SENDER, GENERATION_DATE, ADITIONAL_DETAILS) values (9, 5, 7, 6, 2, 16, 5, '25-FEB-2023', 'QN3MK V6H7DFQMWV0HB5SORVFNDMUCM SGWNSCM5WB58THBIBUF59QC9FNJFGDWPQ90BI6SGSL6HL1VGN0AMJ8RA4UN 4EDWO8539V3VUAFSXILLFMH4QHLSVCAHAEIJY3ISF4XB5QOQNIPD 24A7RMG99A9IIT S31HBYABIDN7FURJG5JHDMRLO0OHXA42GOORF57T GPPV9JI45XY6HVHS4QP4131LGU67RKE0JYQ0QNHSR5O1S5NULWSHT3');

insert into GUIA (ID_GUIA, ID_DETAILS, ID_ORIGIN_CITY, ID_DESTINATION_CITY, ID_PRODUCT, ID_RECEIVER, ID_SENDER, GENERATION_DATE, ADITIONAL_DETAILS) values (4, 16, 16, 16, 0, 1, 8, '05-JAN-2017', 'Q1BBCBJMFTWRNE64H5OOSSGE8RFMDDX4MNT242HMUYJ5JN4IXP4C2H7VV8AGX756G00A364Q3XLHR7BV7R3F1RO0S UAU42I1RRR1FRTE KOVBVQFJ9ELK 6WY78FHU2MITLQWGHF180H97EUAV7I0G2CGC9H1SONOA4HDMN3U0JI441XXNLIH4 MPPARF9AQ7P UV8UIINYU LYRFY25EQBTAY8FBK1L32HGXWSYEU9WXQENG1R WAH5MVQ1WV');

insert into GUIA (ID_GUIA, ID_DETAILS, ID_ORIGIN_CITY, ID_DESTINATION_CITY, ID_PRODUCT, ID_RECEIVER, ID_SENDER, GENERATION_DATE, ADITIONAL_DETAILS) values (6, 10, 15, 2, 9, 3, 12, '06-NOV-2018', 'S20B3M2HUU1GU6G8VEMQ7REVV3NO5AIFUL9 ATANBF7ESAMIEE9CV9C76BMCL01VALF7RQEPPFO2X05JYECM19LMVOVBC27YJHDXHS1TP0EU1RILQKCGYOVMTLS15EGKPRXYQAS8HLK2 GEAU08N5U6RUB27W1NO7IPR1I0563KRCT58M KQ1Y6RPA7AW CX2LJI44GW7WWPTWRBWBHYBB2A9EAD DLHL93EYEOI800Q3J898095E0VKVESR09I');

insert into GUIA (ID_GUIA, ID_DETAILS, ID_ORIGIN_CITY, ID_DESTINATION_CITY, ID_PRODUCT, ID_RECEIVER, ID_SENDER, GENERATION_DATE, ADITIONAL_DETAILS) values (17, 16, 0, 18, 13, 8, 2, '25-JAN-2023', 'KSCU6TJRBWCUMKHA65NH0VGGV45186QYS91BRC4276QUI39J181AS7FS14TR6V1E GW9QF3JGR18RIBRR237DV01DCPCYCY5RI0UY7L6422S1KSK3IVL8J9FKUUT1CKYAQFCHN3Q1Y24R4DCSCVDM5Q5 78KCKSULGN7OS52CHISQB6J1S80SL733OD3UYD810541RKIFO32GU7J7E0ALHY04OJ61MDL1 BH7L81XJFWA5RGW7XFNVC2MOXEHD0');

insert into GUIA (ID_GUIA, ID_DETAILS, ID_ORIGIN_CITY, ID_DESTINATION_CITY, ID_PRODUCT, ID_RECEIVER, ID_SENDER, GENERATION_DATE, ADITIONAL_DETAILS) values (8, 9, 10, 2, 3, 10, 7, '25-FEB-2023', 'XX9CBH0HLRM81OU1N EMGG60B324IKQASOGN9VFD0SCI 6A 99NR2V7U8QDYNA1O8 68DNPQ029R5J6DP2HYBS1OPCC 6994SLH4RP47B22WD8WEMDLN6WFKG4IKDOQ4M4HBM3RFF51MY999YAA9VH1X162K3GOYUFKNHN R5NWNMIUKIMDUFIMJLCMG7CV QLMLD6L2M6I62OQHVC3WP1QEEU8MX H80BYB44MBIJ935G5UQIEYR QD6UYTK9L');

insert into GUIA (ID_GUIA, ID_DETAILS, ID_ORIGIN_CITY, ID_DESTINATION_CITY, ID_PRODUCT, ID_RECEIVER, ID_SENDER, GENERATION_DATE, ADITIONAL_DETAILS) values (14, 1, 7, 11, 13, 15, 0, '05-JAN-2017', 'C3S2G1BTHPF3RCME3WKA35LX2FW5EHIW9F H5H3SWUJMP6PT9EGGBII6390KIETNHE3WVMWH609VKKVC4S4WIRYJFCFFOR OI06W8CIOOGA44QU788OLK4TBFVFVD0F 2B6JUJD4L1NC5ME 167K3I0HH883NQKHF8 UCQ35QF6S7T 8TY 7R798WISP4EJFUPY9GLY1I3RP 9DGHCFLQA7I1ET36KES 6F7JJ36B77L3JKQB3OH1 NBRGL1JKM');

insert into GUIA (ID_GUIA, ID_DETAILS, ID_ORIGIN_CITY, ID_DESTINATION_CITY, ID_PRODUCT, ID_RECEIVER, ID_SENDER, GENERATION_DATE, ADITIONAL_DETAILS) values (3, 5, 15, 11, 17, 15, 8, '06-NOV-2018', 'SVEO53OQOER4HAAWEJLAKUF1MBYPFS2TQLU3BU3ALMYNKE676PO3285R8VNT285RMG9W4HURHL0R7W8U2P3J80SDRFA6SMRCMV7252VOE2P0SRGDJH2C2UB88D3DHS2MOE KN SE6 5Y9SBLXNJ993O452VMJGMRJBOJGBLXDP1TN S11JGAQAPJL 7IBDT 06QDMWQ4RR2F3PEWUH86054YQB2W987AFY2PMXV0XFLPSS1L YRI64G3 1K8FW2');

insert into INVOICE (ID_INVOICE, ID_GUIA, ID_USERS) values (19, 7, 5);

insert into INVOICE (ID_INVOICE, ID_GUIA, ID_USERS) values (8, 13, 9);

insert into INVOICE (ID_INVOICE, ID_GUIA, ID_USERS) values (6, 8, 16);

insert into INVOICE (ID_INVOICE, ID_GUIA, ID_USERS) values (4, 5, 4);

insert into INVOICE (ID_INVOICE, ID_GUIA, ID_USERS) values (10, 6, 19);

insert into INVOICE (ID_INVOICE, ID_GUIA, ID_USERS) values (9, 12, 10);

insert into INVOICE (ID_INVOICE, ID_GUIA, ID_USERS) values (11, 9, 4);

insert into INVOICE (ID_INVOICE, ID_GUIA, ID_USERS) values (0, 15, 7);

insert into INVOICE (ID_INVOICE, ID_GUIA, ID_USERS) values (14, 9, 8);

insert into INVOICE (ID_INVOICE, ID_GUIA, ID_USERS) values (18, 11, 11);

insert into INVOICE (ID_INVOICE, ID_GUIA, ID_USERS) values (3, 2, 8);

insert into INVOICE (ID_INVOICE, ID_GUIA, ID_USERS) values (13, 18, 19);

insert into INVOICE (ID_INVOICE, ID_GUIA, ID_USERS) values (2, 5, 13);

insert into INVOICE (ID_INVOICE, ID_GUIA, ID_USERS) values (17, 19, 1);

insert into INVOICE (ID_INVOICE, ID_GUIA, ID_USERS) values (12, 14, 7);

insert into INVOICE (ID_INVOICE, ID_GUIA, ID_USERS) values (15, 11, 3);

insert into INVOICE (ID_INVOICE, ID_GUIA, ID_USERS) values (16, 13, 11);

insert into INVOICE (ID_INVOICE, ID_GUIA, ID_USERS) values (5, 15, 4);

insert into INVOICE (ID_INVOICE, ID_GUIA, ID_USERS) values (1, 11, 12);

insert into INVOICE (ID_INVOICE, ID_GUIA, ID_USERS) values (7, 6, 1);

